index	promptID	pairID	genre	sentence1_binary_parse	sentence2_binary_parse	sentence1_parse	sentence2_parse	sentence1	sentence2	label1	gold_label
284269	9853	9853e	government	( ( I ( ( remember ( the days ) ) ( when ( there ( ( were only ) ( ( a handful ) ( of ( people ( in ( ( the ( legal offices ) ) ( who ( spoke Spanish ) ) ) ) ) ) ) ) ) ) ) ) ( , ( Dudovitz ( said . ) ) ) )	( ( ( Not many ) ( of them ) ) ( ( spoke Spanish ) . ) )	(ROOT (S (S (NP (PRP I)) (VP (VBP remember) (NP (DT the) (NNS days)) (SBAR (WHADVP (WRB when)) (S (NP (EX there)) (VP (VBD were) (ADVP (RB only)) (NP (NP (DT a) (NN handful)) (PP (IN of) (NP (NP (NNS people)) (PP (IN in) (NP (NP (DT the) (JJ legal) (NNS offices)) (SBAR (WHNP (WP who)) (S (VP (VBD spoke) (ADJP (JJ Spanish))))))))))))))) (, ,) (NP (NNP Dudovitz)) (VP (VBD said)) (. .)))	(ROOT (S (NP (NP (RB Not) (JJ many)) (PP (IN of) (NP (PRP them)))) (VP (VBD spoke) (ADJP (JJ Spanish))) (. .)))	I remember the days when there were only a handful of people in the legal offices who spoke Spanish, Dudovitz said. 	Not many of them spoke Spanish.	entailment	entailment
69678	26515	26515n	travel	( ( If ( ( ( peeking in ) ( through ( the ( wrought-iron gates ) ) ) ) ( ( is n't ) ( enough ( shoulder-rubbing ( with ( stardom ( for you ) ) ) ) ) ) ) ) ( , ( you ( ( can ( ( view ( the ( back lot ) ) ) ( on ( a ( walking tour ) ) ) ) ) . ) ) ) )	( ( Brad Pitt ) ( ( used ( to ( ( ( be around ) here ) ( all ( the time ) ) ) ) ) . ) )	(ROOT (S (SBAR (IN If) (S (S (VP (VBG peeking) (PRT (RP in)) (PP (IN through) (NP (DT the) (JJ wrought-iron) (NNS gates))))) (VP (VBZ is) (RB n't) (ADJP (RB enough) (JJ shoulder-rubbing) (PP (IN with) (NP (NP (NN stardom)) (PP (IN for) (NP (PRP you))))))))) (, ,) (NP (PRP you)) (VP (MD can) (VP (VB view) (NP (DT the) (JJ back) (NN lot)) (PP (IN on) (NP (DT a) (VBG walking) (NN tour))))) (. .)))	(ROOT (S (NP (NNP Brad) (NNP Pitt)) (VP (VBD used) (S (VP (TO to) (VP (VB be) (ADVP (RB around)) (ADVP (RB here)) (NP (PDT all) (DT the) (NN time)))))) (. .)))	If peeking in through the wrought-iron gates isn't enough shoulder-rubbing with stardom for you, you can view the back lot on a walking tour.	Brad Pitt used to be around here all the time.	neutral	neutral
50688	110760	110760n	fiction	( ( ( ( ( ( ( The ( few people ) ) ( on ( the streets ) ) ) ( ( ( looked up ) and ) ( made ( threatening gestures ) ) ) ) , ) but ) ( there ( was ( ( no flight ) ( of ( arrows ( from ( the ground ) ) ) ) ) ) ) ) . )	( ( ( Some people ) ( on ( the streets ) ) ) ( ( ( did not ) ( bother ( to ( look up ) ) ) ) . ) )	(ROOT (S (S (NP (NP (DT The) (JJ few) (NNS people)) (PP (IN on) (NP (DT the) (NNS streets)))) (VP (VP (VBD looked) (PRT (RP up))) (CC and) (VP (VBD made) (S (VP (VBG threatening) (NP (NNS gestures))))))) (, ,) (CC but) (S (NP (EX there)) (VP (VBD was) (NP (NP (DT no) (NN flight)) (PP (IN of) (NP (NP (NNS arrows)) (PP (IN from) (NP (DT the) (NN ground)))))))) (. .)))	(ROOT (S (NP (NP (DT Some) (NNS people)) (PP (IN on) (NP (DT the) (NNS streets)))) (VP (VBD did) (RB not) (VP (VB bother) (S (VP (TO to) (VP (VB look) (PRT (RP up))))))) (. .)))	The few people on the streets looked up and made threatening gestures, but there was no flight of arrows from the ground.	Some people on the streets did not bother to look up.	neutral	neutral
34863	29165	29165c	telephone	( you ( get ( ( ( you ( ( a pair ) ( of ( metric ( pliers right ) ) ) ) ) and ) ( you ( beat ( on ( ( it and ) ( a ( metric hammer ) ) ) ) ) ) ) ) )	( ( ( ( Get ( ( a pair ) ( of underwear ) ) ) and ) ( ( cut it ) ( into pieces ) ) ) . )	(ROOT (S (NP (PRP you)) (VP (VBP get) (S (S (NP (PRP you)) (NP (NP (DT a) (NN pair)) (PP (IN of) (NP (JJ metric) (NNS pliers) (NN right))))) (CC and) (S (NP (PRP you)) (ADJP (JJ beat) (PP (IN on) (NP (NP (PRP it)) (CC and) (NP (DT a) (JJ metric) (NN hammer))))))))))	(ROOT (S (VP (VP (VB Get) (NP (NP (DT a) (NN pair)) (PP (IN of) (NP (NN underwear))))) (CC and) (VP (VB cut) (NP (PRP it)) (PP (IN into) (NP (NNS pieces))))) (. .)))	you get you a pair of metric pliers right and you beat on it and a metric hammer	Get a pair of underwear and cut it into pieces.	contradiction	contradiction
44226	4712	4712e	telephone	( oh ( yeah ( ( the ( whole i ) ) ( mean ( ( the ( whole thing ) ) ( was ( ( done well ) ( it ( was ( just ( you know ) ) ) ) ) ) ) ) ) ) )	( ( The ( whole thing ) ) ( ( was flawless ) . ) )	(ROOT (S (NP (NNP oh)) (VP (VBP yeah) (SBAR (S (NP (DT the) (JJ whole) (FW i)) (VP (VBP mean) (SBAR (S (NP (DT the) (JJ whole) (NN thing)) (VP (VBD was) (VP (VBN done) (ADVP (RB well)) (SBAR (S (NP (PRP it)) (VP (VBD was) (SBAR (RB just) (S (NP (PRP you)) (VP (VBP know)))))))))))))))))	(ROOT (S (NP (DT The) (JJ whole) (NN thing)) (VP (VBD was) (ADJP (JJ flawless))) (. .)))	oh yeah the whole i mean the whole thing was done well it was just you know	The whole thing was flawless.	entailment	entailment
333146	95114	95114e	fiction	( ( ( Ancient and ) ill-maintained ) ( , ( it ( ( ( ( ( starts off ) shiny ) and ) ( gets ( rapidly ( creakier ( as ( it ( approaches ( the border ) ) ) ) ) ) ) ) . ) ) ) )	( ( The line ) ( ( ( gets ( in ( worse condition ) ) ) ( as ( it ( gets ( close ( to ( the border ) ) ) ) ) ) ) . ) )	(ROOT (S (S (ADJP (JJ Ancient) (CC and) (JJ ill-maintained))) (, ,) (NP (PRP it)) (VP (VP (VBZ starts) (PRT (RP off)) (NP (JJ shiny))) (CC and) (VP (VBZ gets) (ADJP (RB rapidly) (JJ creakier) (SBAR (IN as) (S (NP (PRP it)) (VP (VBZ approaches) (NP (DT the) (NN border)))))))) (. .)))	(ROOT (S (NP (DT The) (NN line)) (VP (VBZ gets) (PP (IN in) (NP (JJR worse) (NN condition))) (SBAR (IN as) (S (NP (PRP it)) (VP (VBZ gets) (ADJP (JJ close) (PP (TO to) (NP (DT the) (NN border)))))))) (. .)))	Ancient and ill-maintained, it starts off shiny and gets rapidly creakier as it approaches the border.	The line gets in worse condition as it gets close to the border.	entailment	entailment
281144	10068	10068n	government	( ( ( ( ( ( During ( ( the ( program 's ) ) ( critical ( design review ) ) ) ) ( , ( ( ( ( about 56 ) percent ) ( of ( the drawings ) ) ) ( were completed ) ) ) ) and ) , ) ( ( while ( ( the program ) ( ( did not ) ( meet ( ( ( the ( best practice ) ) ( of ( 90 percent ) ) ) complete ) ) ) ) ) ( , ( it ( did ( ( have ( ( ( additional ( drawing data ) ) ( of ( the ( F/A ( -18 ( E/F assemblies ) ) ) ) ) ) ( available ( for review ) ) ) ) ( at ( the ( critical ( design review ) ) ) ) ) ) ) ) ) ) . )	( ( After ( ( the ( program 's ) ) ( design review ) ) ) ( , ( they ( ( improved ( ( the efficiency ) ( of ( their ( drawing ( process ( to ( meet ( best ( practice requirements ) ) ) ) ) ) ) ) ) ) . ) ) ) )	(ROOT (S (S (PP (IN During) (NP (NP (DT the) (NN program) (POS 's)) (JJ critical) (NN design) (NN review))) (, ,) (NP (NP (QP (RB about) (CD 56)) (NN percent)) (PP (IN of) (NP (DT the) (NNS drawings)))) (VP (VBD were) (VP (VBN completed)))) (CC and) (, ,) (S (SBAR (IN while) (S (NP (DT the) (NN program)) (VP (VBD did) (RB not) (VP (VB meet) (S (NP (NP (DT the) (JJS best) (NN practice)) (PP (IN of) (NP (CD 90) (NN percent)))) (ADJP (JJ complete))))))) (, ,) (NP (PRP it)) (VP (VBD did) (VP (VB have) (S (NP (NP (JJ additional) (NN drawing) (NNS data)) (PP (IN of) (NP (DT the) (NNP F/A) (CD -18) (NNP E/F) (NNS assemblies)))) (ADJP (JJ available) (PP (IN for) (NP (NN review))))) (PP (IN at) (NP (DT the) (JJ critical) (NN design) (NN review)))))) (. .)))	(ROOT (S (PP (IN After) (NP (NP (DT the) (NN program) (POS 's)) (NN design) (NN review))) (, ,) (NP (PRP they)) (VP (VBD improved) (NP (NP (DT the) (NN efficiency)) (PP (IN of) (NP (PRP$ their) (VBG drawing) (NN process) (S (VP (TO to) (VP (VB meet) (NP (JJS best) (NN practice) (NNS requirements))))))))) (. .)))	During the program's critical design review, about 56 percent of the drawings were completed and, while the program did not meet the best practice of 90 percent complete, it did have additional drawing data of the F/A-18 E/F assemblies available for review at the critical design review.	After the program's design review, they improved the efficiency of their drawing process to meet best practice requirements. 	neutral	neutral
227274	50644	50644n	slate	( Rudy ( ( ( ( plans ( to ( ( ( consolidate ( his lead ) ) ( in ( the burbs ) ) ) ( by ( pushing ( school vouchers ) ) ) ) ) ) , ) ( while ( Hillary ( will ( ( ( ( tap ( into ( health-care frustrations ) ) ) and ) ( make ( the election ) ) ) ( a ( national contest ) ) ) ) ) ) ) . ) )	( ( Both ( of ( their ideas ) ) ) ( ( are ( important ( to ( the people ) ) ) ) . ) )	(ROOT (S (NP (NNP Rudy)) (VP (VBZ plans) (S (VP (TO to) (VP (VB consolidate) (NP (PRP$ his) (NN lead)) (PP (IN in) (NP (DT the) (NNS burbs))) (PP (IN by) (S (VP (VBG pushing) (NP (NN school) (NNS vouchers)))))))) (, ,) (SBAR (IN while) (S (NP (NNP Hillary)) (VP (MD will) (VP (VP (VB tap) (PP (IN into) (NP (JJ health-care) (NNS frustrations)))) (CC and) (VP (VB make) (NP (DT the) (NN election))) (NP (DT a) (JJ national) (NN contest))))))) (. .)))	(ROOT (S (NP (NP (DT Both)) (PP (IN of) (NP (PRP$ their) (NNS ideas)))) (VP (VBP are) (ADJP (JJ important) (PP (TO to) (NP (DT the) (NNS people))))) (. .)))	Rudy plans to consolidate his lead in the burbs by pushing school vouchers, while Hillary will tap into health-care frustrations and make the election a national contest.	Both of their ideas are important to the people. 	neutral	neutral
239454	95761	95761c	government	( ( In ( response ( to ( ( continuing concerns ) ( about ( emissions ( from ( electric ( generating units ) ) ) ) ) ) ) ) ) ( , ( ( ( further reductions ) ( of ( emissions ( of ( ( multiple pollutants ) ( from ( electric ( power sector ) ) ) ) ) ) ) ) ( ( are ( being considered ) ) . ) ) ) )	( Nothing ( ( is ( being ( done ( about ( ( the emission ) ( of ( pollutants ( in ( the ( electric ( power sector ) ) ) ) ) ) ) ) ) ) ) . ) )	(ROOT (S (PP (IN In) (NP (NP (NN response)) (PP (TO to) (NP (NP (VBG continuing) (NNS concerns)) (PP (IN about) (NP (NP (NNS emissions)) (PP (IN from) (NP (JJ electric) (VBG generating) (NNS units))))))))) (, ,) (NP (NP (JJ further) (NNS reductions)) (PP (IN of) (NP (NP (NNS emissions)) (PP (IN of) (NP (NP (JJ multiple) (NNS pollutants)) (PP (IN from) (NP (JJ electric) (NN power) (NN sector)))))))) (VP (VBP are) (VP (VBG being) (VP (VBN considered)))) (. .)))	(ROOT (S (NP (NN Nothing)) (VP (VBZ is) (VP (VBG being) (VP (VBN done) (PP (IN about) (NP (NP (DT the) (NN emission)) (PP (IN of) (NP (NP (NNS pollutants)) (PP (IN in) (NP (DT the) (JJ electric) (NN power) (NN sector)))))))))) (. .)))	In response to continuing concerns about emissions from electric generating units, further reductions of emissions of multiple pollutants from electric power sector are being considered.	Nothing is being done about the emission of pollutants in the electric power sector.	contradiction	contradiction
286089	66977	66977n	slate	( But ( ( an ( unfortunate ( side effect ) ) ) ( ( is ( the ( lost ( opportunity ( to ( provide ( some ( ( socially desirable ) ( planned obsolescence ) ) ) ) ) ) ) ) ) . ) ) )	( ( The ( lost opportunity ) ) ( ( is unfortunate ) . ) )	(ROOT (S (CC But) (NP (DT an) (ADJP (JJ unfortunate)) (NN side) (NN effect)) (VP (VBZ is) (NP (DT the) (JJ lost) (NN opportunity) (S (VP (TO to) (VP (VB provide) (NP (DT some) (ADJP (RB socially) (JJ desirable)) (JJ planned) (NN obsolescence))))))) (. .)))	(ROOT (S (NP (DT The) (VBN lost) (NN opportunity)) (VP (VBZ is) (ADJP (JJ unfortunate))) (. .)))	But an unfortunate side effect is the lost opportunity to provide some socially desirable planned obsolescence.	The lost opportunity is unfortunate.	neutral	neutral
86941	105833	105833c	travel	( ( ( ( ( Inevitably ( , ( ( some people ) ( will ( get ( burned ( in ( the process ) ) ) ) ) ) ) ) , ) but ) ( others ( will ( ( ( rise triumphantly ) ( from ( the fray ) ) ) ( to ( ( even greater ) successes ) ) ) ) ) ) . )	( ( ( ( ( Nobody ( will ( be ( burned ( in ( the process ) ) ) ) ) ) , ) but ) ( neither ( ( will anyone ) ( be successful ) ) ) ) . )	(ROOT (S (S (ADVP (RB Inevitably)) (, ,) (NP (DT some) (NNS people)) (VP (MD will) (VP (VB get) (VP (VBN burned) (PP (IN in) (NP (DT the) (NN process))))))) (, ,) (CC but) (S (NP (NNS others)) (VP (MD will) (VP (VB rise) (ADVP (RB triumphantly)) (PP (IN from) (NP (DT the) (NN fray))) (PP (TO to) (NP (ADJP (RB even) (JJR greater)) (NNS successes)))))) (. .)))	(ROOT (S (S (NP (NN Nobody)) (VP (MD will) (VP (VB be) (VP (VBN burned) (PP (IN in) (NP (DT the) (NN process))))))) (, ,) (CC but) (SINV (CC neither) (MD will) (NP (NN anyone)) (VP (VB be) (ADJP (JJ successful)))) (. .)))	Inevitably, some people will get burned in the process, but others will rise triumphantly from the fray to even greater successes.	Nobody will be burned in the process, but neither will anyone be successful.	contradiction	contradiction
154485	123893	123893c	slate	( ( ( An ( article marvels ) ) ( at ( ( the revival ) ( of ( religion ( in China ) ) ) ) ) ) ( , ( now ( ( ( used ( by ( the ( Communist Party ) ) ) ) ( to ( control ( a ( restive population ) ) ) ) ) . ) ) ) )	( China ( ( is ( ( controlling ( their population ) ) ( by ( ( getting rid ) ( of religion ) ) ) ) ) . ) )	(ROOT (S (NP (NP (DT An) (NN article) (NNS marvels)) (PP (IN at) (NP (NP (DT the) (NN revival)) (PP (IN of) (NP (NP (NN religion)) (PP (IN in) (NP (NNP China)))))))) (, ,) (ADVP (RB now)) (VP (VBN used) (PP (IN by) (NP (DT the) (NNP Communist) (NNP Party))) (S (VP (TO to) (VP (VB control) (NP (DT a) (JJ restive) (NN population)))))) (. .)))	(ROOT (S (NP (NNP China)) (VP (VBZ is) (VP (VBG controlling) (NP (PRP$ their) (NN population)) (PP (IN by) (S (VP (VBG getting) (ADJP (JJ rid)) (PP (IN of) (NP (NN religion)))))))) (. .)))	An article marvels at the revival of religion in China, now used by the Communist Party to control a restive population.	China is controlling their population by getting rid of religion.	contradiction	contradiction
271122	137172	137172c	travel	( ( When ( ( the Republic ) ( was ( ( proclaimed ( in Paris ) ) ( in 1848 ) ) ) ) ) ( , ( Schoelcher ( ( drafted ( ( the ( emancipation decree ) ) ( that ( ( ( freed ( 87,500 slaves ) ) ( in ( ( Guadeloupe and ) 72,000 ) ) ) ( in Martinique ) ) ) ) ) . ) ) ) )	( ( The Republic ) ( ( was ( proclaimed ( in 1829 ) ) ) . ) )	(ROOT (S (SBAR (WHADVP (WRB When)) (S (NP (DT the) (NNP Republic)) (VP (VBD was) (VP (VBN proclaimed) (PP (IN in) (NP (NNP Paris))) (PP (IN in) (NP (CD 1848))))))) (, ,) (NP (NNP Schoelcher)) (VP (VBD drafted) (NP (NP (DT the) (NN emancipation) (NN decree)) (SBAR (WHNP (WDT that)) (S (VP (VBD freed) (NP (CD 87,500) (NNS slaves)) (PP (IN in) (NP (NP (NNP Guadeloupe)) (CC and) (NP (CD 72,000)))) (PP (IN in) (NP (NNP Martinique)))))))) (. .)))	(ROOT (S (NP (DT The) (NNP Republic)) (VP (VBD was) (VP (VBN proclaimed) (PP (IN in) (NP (CD 1829))))) (. .)))	When the Republic was proclaimed in Paris in 1848, Schoelcher drafted the emancipation decree that freed 87,500 slaves in Guadeloupe and 72,000 in Martinique.	The Republic was proclaimed in 1829.	contradiction	contradiction
3855	44761	44761e	fiction	( ( It ( ( was ( ( two nights ) ago ) ) ( when ( we ( killed ( ( the slave ) lord ) ) ) ) ) ) ( , ( '' ( San ( ` ( doro ( said . ) ) ) ) ) ) )	( ( The ( slave lord ) ) ( died . ) )	(ROOT (S (S (NP (PRP It)) (VP (VBD was) (ADVP (NP (CD two) (NNS nights)) (RB ago)) (SBAR (WHADVP (WRB when)) (S (NP (PRP we)) (VP (VBD killed) (SBAR (S (NP (DT the) (NN slave)) (VP (VBD lord))))))))) (, ,) ('' '') (NP (NNP San)) (`` `) (ADVP (RB doro)) (VP (VBD said)) (. .)))	(ROOT (S (NP (DT The) (NN slave) (NN lord)) (VP (VBD died)) (. .)))	It was two nights ago when we killed the slave lord," San'doro said.	The slave lord died.	entailment	entailment
132768	77131	77131c	travel	( ( A ( cable car ) ) ( ( takes ( you ( to ( Mont ( ( d'Arbois ( -LRB- ( ( ( 1,833 m/6 ) ( ,014 ft ) ) -RRB- ) ) ) ( for ( ( a ( great view ) ) ( of ( the ( Aravis ( peaks ( and ( Mont Blanc ) ) ) ) ) ) ) ) ) ) ) ) ) . ) )	( There ( ( are ( ( no ( cable cars ) ) ( that ( will ( ( take you ) ( to ( Mont d'Arbois ) ) ) ) ) ) ) . ) )	(ROOT (S (NP (DT A) (NN cable) (NN car)) (VP (VBZ takes) (S (NP (PRP you)) (VP (TO to) (VP (VB Mont) (NP (NP (NP (NNS d'Arbois)) (PRN (-LRB- -LRB-) (NP (NP (CD 1,833) (NNS m/6)) (NP (CD ,014) (NN ft))) (-RRB- -RRB-))) (PP (IN for) (NP (NP (DT a) (JJ great) (NN view)) (PP (IN of) (NP (DT the) (NNP Aravis) (NNP peaks) (CC and) (NNP Mont) (NNP Blanc)))))))))) (. .)))	(ROOT (S (NP (EX There)) (VP (VBP are) (NP (NP (DT no) (NN cable) (NNS cars)) (SBAR (WHNP (WDT that)) (S (VP (MD will) (VP (VB take) (NP (PRP you)) (PP (TO to) (NP (NNP Mont) (NNS d'Arbois))))))))) (. .)))	A cable car takes you to Mont d'Arbois (1,833 m/6,014 ft) for a great view of the Aravis peaks and Mont Blanc.	There are no cable cars that will take you to Mont d'Arbois.	contradiction	contradiction
332104	24610	24610n	travel	( ( With ( ( so ( many people ) ) ( packed ( into ( such ( a ( condensed area ) ) ) ) ) ) ) ( , ( Angelenos ( ( ( are constantly ) ( struggling ( to ( ( create ( unique identities ) ) ( for ( ( themselves , ) ( which ( would ( ( ( be more ) ( of ( a challenge ) ) ) ( if ( ( the town ) ( ( did n't ) ( have ( ( such ( an anything ) ) ( goes attitude ) ) ) ) ) ) ) ) ) ) ) ) ) ) ) . ) ) ) )	( ( The town ) ( ( are ( trying ( to ( change ( their ( attitude ( to ( create ( a ( unique identity ) ) ) ) ) ) ) ) ) ) . ) )	(ROOT (S (PP (IN With) (NP (NP (RB so) (JJ many) (NNS people)) (VP (VBN packed) (PP (IN into) (NP (PDT such) (DT a) (JJ condensed) (NN area)))))) (, ,) (NP (NNP Angelenos)) (VP (VBP are) (ADVP (RB constantly)) (VP (VBG struggling) (S (VP (TO to) (VP (VB create) (NP (JJ unique) (NNS identities)) (PP (IN for) (NP (NP (PRP themselves)) (, ,) (SBAR (WHNP (WDT which)) (S (VP (MD would) (VP (VB be) (ADJP (JJR more)) (PP (IN of) (NP (DT a) (NN challenge))) (SBAR (IN if) (S (NP (DT the) (NN town)) (VP (VBD did) (RB n't) (VP (VB have) (S (NP (PDT such) (DT an) (NN anything)) (VP (VBZ goes) (NP (NN attitude))))))))))))))))))) (. .)))	(ROOT (S (NP (DT The) (NN town)) (VP (VBP are) (VP (VBG trying) (S (VP (TO to) (VP (VB change) (NP (PRP$ their) (NN attitude) (S (VP (TO to) (VP (VB create) (NP (DT a) (JJ unique) (NN identity))))))))))) (. .)))	With so many people packed into such a condensed area, Angelenos are constantly struggling to create unique identities for themselves, which would be more of a challenge if the town didn't have such an  anything goes  attitude.	The town are trying to change their attitude to create a unique identity.	neutral	neutral
156117	12033	12033e	government	( ( Based ( on ( ( the information ) ( presented ( ( ( during ( public hearings ) ) and ) ( in ( comments ( received ( on ( the ( proposed rule ) ) ) ) ) ) ) ) ) ) ) ( , ( EPA ( ( published ( ( a ( supplemental notice ) ) ( of ( ( proposed rulemaking ) ( in ( ( the ( Federal Register ) ) ( on ( ( ( March 13 ) , ) 1995 ) ) ) ) ) ) ) ) . ) ) ) )	( EPA ( ( had ( published ( ( additional notice ) ( of ( the ( potential rulemaking ) ) ) ) ) ) . ) )	(ROOT (S (PP (VBN Based) (PP (IN on) (NP (NP (DT the) (NN information)) (VP (VBN presented) (PP (PP (IN during) (NP (JJ public) (NNS hearings))) (CC and) (PP (IN in) (NP (NP (NNS comments)) (VP (VBN received) (PP (IN on) (NP (DT the) (VBN proposed) (NN rule))))))))))) (, ,) (NP (NNP EPA)) (VP (VBD published) (NP (NP (DT a) (JJ supplemental) (NN notice)) (PP (IN of) (NP (NP (VBN proposed) (NN rulemaking)) (PP (IN in) (NP (NP (DT the) (NNP Federal) (NNP Register)) (PP (IN on) (NP (NNP March) (CD 13) (, ,) (CD 1995))))))))) (. .)))	(ROOT (S (NP (NNP EPA)) (VP (VBD had) (VP (VBN published) (NP (NP (JJ additional) (NN notice)) (PP (IN of) (NP (DT the) (JJ potential) (NN rulemaking)))))) (. .)))	Based on the information presented during public hearings and in comments received on the proposed rule, EPA published a supplemental notice of proposed rulemaking in the Federal Register on March 13, 1995.	EPA had published additional notice of the potential rulemaking.	entailment	entailment
247056	125329	125329e	slate	( Who ( ( better ( ( ( to ( help ( ( a candidate ) ( ( extract ( weighty lessons ) ) ( from ( his ( personal history ) ) ) ) ) ) ) , ) ( to ( teach ( him ( to ( ( tell voters ) ( that ( ( their ( own successes ) ) ( depend ( on ( his own ) ) ) ) ) ) ) ) ) ) ) ) ? ) )	( Who ( ( is ( better ( to ( help ( ( a candidate ) ( learn ( a lesson ) ) ) ) ) ) ) ? ) )	(ROOT (SBARQ (WHNP (WP Who)) (S (VP (ADVP (RBR better)) (VP (TO to) (VP (VB help) (S (NP (DT a) (NN candidate)) (VP (VB extract) (NP (JJ weighty) (NNS lessons)) (PP (IN from) (NP (PRP$ his) (JJ personal) (NN history))))))) (, ,) (VP (TO to) (VP (VB teach) (S (NP (PRP him)) (VP (TO to) (VP (VB tell) (NP (NNS voters)) (SBAR (IN that) (S (NP (PRP$ their) (JJ own) (NNS successes)) (VP (VBP depend) (PP (IN on) (NP (PRP$ his) (JJ own))))))))))))) (. ?)))	(ROOT (SBARQ (WHNP (WP Who)) (SQ (VBZ is) (NP (NP (JJR better)) (S (VP (TO to) (VP (VB help) (S (NP (DT a) (NN candidate)) (VP (VB learn) (NP (DT a) (NN lesson))))))))) (. ?)))	Who better to help a candidate extract weighty lessons from his personal history, to teach him to tell voters that their own successes depend on his own?	Who is better to help a candidate learn a lesson? 	entailment	entailment
144922	66470	66470c	telephone	( how ( ( do you ) ( feel ( about ( uh ( lawn ( and ( garden work ) ) ) ) ) ) ) )	( ( No one ) ( ( has ( ( any ( specific feelings ) ) ( toward ( things ( as ( ( arbitrary ( as garden ) ) work ) ) ) ) ) ) . ) )	(ROOT (SBARQ (WHADVP (WRB how)) (SQ (VBP do) (NP (PRP you)) (VP (VB feel) (PP (IN about) (NP (JJ uh) (NN lawn) (CC and) (NN garden) (NN work)))))))	(ROOT (S (NP (DT No) (NN one)) (VP (VBZ has) (NP (NP (DT any) (JJ specific) (NNS feelings)) (PP (IN toward) (NP (NP (NNS things)) (PP (IN as) (NP (ADJP (JJ arbitrary) (PP (IN as) (NP (NN garden)))) (NN work))))))) (. .)))	how do you feel about uh lawn and garden work	No one has any specific feelings toward things as arbitrary as garden work.	contradiction	contradiction
142071	99910	99910e	telephone	( yeah ( what ( do ( they do ) ) ) )	( What ( ( ( do they ) do ) ? ) )	(ROOT (S (VP (VB yeah) (SBAR (WHNP (WP what)) (S (VP (VBP do) (SBAR (S (NP (PRP they)) (VP (VBP do))))))))))	(ROOT (SBARQ (WHNP (WP What)) (SQ (VBP do) (NP (PRP they)) (VP (VB do))) (. ?)))	yeah what do they do	What do they do?	entailment	entailment
256482	32697	32697e	slate	( ( ( ( He ( ( ( ( ( went on ) and ) ( talked ( about ( ( this and ) that ) ) ) ) but ) ( ( at dinner ) ( repeated ( exactly ( the ( same instructions ) ) ) ) ) ) ) -- ) ( I ( was ( to ( ( ( run ( for President ) ) , ) ( ( announce ( the ( third week ) ) ) ( in ( ( April , ) etc. ) ) ) ) ) ) ) ) . )	( He ( ( ( rambled and ) ( ( rehashed ( the ( same instructions ) ) ) ( for ( the campaign ) ) ) ) . ) )	(ROOT (S (S (NP (PRP He)) (VP (VP (VP (VBD went) (PRT (RP on))) (CC and) (VP (VBD talked) (PP (IN about) (NP (NP (DT this)) (CC and) (NP (DT that)))))) (CC but) (VP (PP (IN at) (NP (NN dinner))) (VBD repeated) (NP (RB exactly) (DT the) (JJ same) (NNS instructions))))) (: --) (S (NP (PRP I)) (VP (VBD was) (S (VP (TO to) (VP (VP (VB run) (PP (IN for) (NP (NNP President)))) (, ,) (VP (VB announce) (NP (DT the) (JJ third) (NN week)) (PP (IN in) (NP (NP (NNP April)) (, ,) (NP (FW etc.)))))))))) (. .)))	(ROOT (S (NP (PRP He)) (VP (VP (VBD rambled)) (CC and) (VP (VBD rehashed) (NP (DT the) (JJ same) (NNS instructions)) (PP (IN for) (NP (DT the) (NN campaign))))) (. .)))	He went on and talked about this and that but at dinner repeated exactly the same instructions--I was to run for President, announce the third week in April, etc.	He rambled and rehashed the same instructions for the campaign.	entailment	entailment
173516	1316	1316n	travel	( ( The ( Royal ( Dining Room ) ) ) ( ( is ( situated ( at ( ( the top ) ( of ( the ( Great Stair ) ) ) ) ) ) ) . ) )	( ( The ( dining room ) ) ( ( has ( long ( gold curtains ) ) ) . ) )	(ROOT (S (NP (DT The) (NNP Royal) (NNP Dining) (NNP Room)) (VP (VBZ is) (VP (VBN situated) (PP (IN at) (NP (NP (DT the) (NN top)) (PP (IN of) (NP (DT the) (NNP Great) (NNP Stair))))))) (. .)))	(ROOT (S (NP (DT The) (NN dining) (NN room)) (VP (VBZ has) (NP (JJ long) (NN gold) (NNS curtains))) (. .)))	The Royal Dining Room is situated at the top of the Great Stair.	The dining room has long gold curtains.	neutral	neutral
128643	66238	66238e	slate	( ( at ( her as ) ) ( she ( ( tries ( to ( get ( ( a point ) ( in edgewise ) ) ) ) ) . ) ) )	( She ( ( is ( trying ( to ( make ( a point ) ) ) ) ) . ) )	(ROOT (S (PP (IN at) (NP (PRP$ her) (RB as))) (NP (PRP she)) (VP (VBZ tries) (S (VP (TO to) (VP (VB get) (NP (NP (DT a) (NN point)) (PP (IN in) (NP (NN edgewise)))))))) (. .)))	(ROOT (S (NP (PRP She)) (VP (VBZ is) (VP (VBG trying) (S (VP (TO to) (VP (VB make) (NP (DT a) (NN point))))))) (. .)))	at her as she tries to get a point in edgewise.	She is trying to make a point.	entailment	entailment
125620	20669	20669n	telephone	( what ( about ( people ( from ( ( uh Pennsylvania ) ( what ( do ( they ( think ( about Texans ) ) ) ) ) ) ) ) ) )	( do ( ( people ( in Pennsylvania ) ) ( think ( ( people ( in Texas ) ) ( all ( have accents ) ) ) ) ) )	(ROOT (FRAG (WHNP (WP what)) (PP (IN about) (NP (NP (NNS people)) (PP (IN from) (NP (NP (NNP uh) (NNP Pennsylvania)) (SBAR (WHNP (WP what)) (S (VP (VBP do) (SBAR (S (NP (PRP they)) (VP (VBP think) (PP (IN about) (NP (NNPS Texans)))))))))))))))	(ROOT (S (VP (VB do) (SBAR (S (NP (NP (NNS people)) (PP (IN in) (NP (NNP Pennsylvania)))) (VP (VBP think) (SBAR (S (NP (NP (NNS people)) (PP (IN in) (NP (NNP Texas)))) (RB all) (VP (VBP have) (VP (VBZ accents)))))))))))	what about people from uh Pennsylvania what do they think about Texans	do people in Pennsylvania think people in Texas all have accents	neutral	neutral
316758	51969	51969e	government	( ( Because ( ( traditional ( work schedules ) ) ( influence ( ( internal control ) ( in ( T&A systems ) ) ) ) ) ) ( , ( ( this document ) ( ( contains ( ( ( two ( major parts ) ) , ) ( ( ( the ( first dealing ) ) ( with ( civilian employees ) ) ) ( who ( are ( expected ( to ( be ( ( ( working , ) usually ) ( during ( ( ( ( certain times ) and ) ( the ( second part ) ) ) ( ( dealing ( with ( members ( of ( the ( active duty ) ) ) ) ) ) ( ( ( ( ( armed services ) ( who ( are ( expected ( to ( be ( in ( a ( duty status ) ) ) ) ) ) ) ) ) and ) ( thus ( on call ) ) ) ( ( 24 hours ) ( a day ) ) ) ) ) ) ) ) ) ) ) ) ) ) ) . ) ) ) )	( ( Active ( duty ( military personnel ) ) ) ( ( are ( on ( ( call ( 24 hours ) ) ( a day ) ) ) ) . ) )	(ROOT (S (SBAR (IN Because) (S (NP (JJ traditional) (NN work) (NNS schedules)) (VP (VBP influence) (NP (NP (JJ internal) (NN control)) (PP (IN in) (NP (NNP T&A) (NNS systems))))))) (, ,) (NP (DT this) (NN document)) (VP (VBZ contains) (NP (NP (CD two) (JJ major) (NNS parts)) (, ,) (NP (NP (DT the) (JJ first) (NN dealing)) (PP (IN with) (NP (JJ civilian) (NNS employees))) (SBAR (WHNP (WP who)) (S (VP (VBP are) (VP (VBN expected) (S (VP (TO to) (VP (VB be) (VP (VBG working) (, ,) (ADVP (RB usually)) (PP (IN during) (S (NP (NP (JJ certain) (NNS times)) (CC and) (NP (DT the) (JJ second) (NN part))) (VP (VBG dealing) (PP (IN with) (NP (NP (NNS members)) (PP (IN of) (NP (DT the) (JJ active) (NN duty))))) (NP (NP (NP (JJ armed) (NNS services)) (SBAR (WHNP (WP who)) (S (VP (VBP are) (VP (VBN expected) (S (VP (TO to) (VP (VB be) (PP (IN in) (NP (DT a) (NN duty) (NN status))))))))))) (CC and) (ADVP (RB thus) (PP (IN on) (NP (NN call)))) (NP (NP (CD 24) (NNS hours)) (NP (DT a) (NN day)))))))))))))))))) (. .)))	(ROOT (S (NP (JJ Active) (NN duty) (NN military) (NNS personnel)) (VP (VBP are) (PP (IN on) (NP (NP (JJ call) (CD 24) (NNS hours)) (NP (DT a) (NN day))))) (. .)))	Because traditional work schedules influence internal control in T&amp;A systems, this document contains two major parts, the first dealing with civilian employees who are expected to be working, usually during certain times and the second part dealing with members of the active duty armed services who are expected to be in a duty status and thus on call 24 hours a day.	Active duty military personnel are on call 24 hours a day.	entailment	entailment
54698	56618	56618n	fiction	( ( You ( think ( there ( 's ( somethin' ( ( in all ) ( ( that ( talk ( Topham ( ( was ( ( givin ' ) lip ) ) to ) ) ) ) ? ) ) ) ) ) ) ) ( Anse ( asked . ) ) )	( Topham ( ( had ( supported ( ( the talk ) ( due ( to ( his ( own ( dire ( financial situation ) ) ) ) ) ) ) ) ) . ) )	(ROOT (S (S (NP (PRP You)) (VP (VBP think) (SBAR (S (NP (EX there)) (VP (VBZ 's) (ADJP (JJ somethin') (SBAR (ADVP (IN in) (DT all)) (WHNP (WDT that)) (S (VP (VBP talk) (SBAR (S (NP (NNP Topham)) (VP (VBD was) (NP (NP (NN givin) (POS ')) (NN lip)) (PP (TO to))))))) (. ?)))))))) (NP (NNP Anse)) (VP (VBD asked)) (. .)))	(ROOT (S (NP (NNP Topham)) (VP (VBD had) (VP (VBN supported) (S (NP (DT the) (NN talk)) (ADJP (JJ due) (PP (TO to) (NP (PRP$ his) (JJ own) (JJ dire) (JJ financial) (NN situation))))))) (. .)))	You think there's somethin' in all that talk Topham was givin' lip to? Anse asked.	Topham had supported the talk due to his own dire financial situation.	neutral	neutral
341461	127136	127136c	telephone	( and ( you ( just sift ) ) )	( ( ( Do n't ) ( ( sift , ) ever ) ) . )	(ROOT (S (CC and) (NP (PRP you)) (ADVP (RB just)) (VP (VBP sift))))	(ROOT (S (VP (VB Do) (RB n't) (VP (VB sift) (, ,) (ADVP (RB ever)))) (. .)))	and you just sift	Don't sift, ever.	contradiction	contradiction
155219	1185	1185e	fiction	( That ( ( ( 's all ) right ) . ) )	( That ( ( 's fine ) . ) )	(ROOT (S (NP (DT That)) (VP (VBZ 's) (RB all) (ADJP (JJ right))) (. .)))	(ROOT (S (NP (DT That)) (VP (VBZ 's) (ADJP (JJ fine))) (. .)))	That's all right.	That's fine.	entailment	entailment
316012	64372	64372c	government	( ( ( ( ( ( development programs ) , ) and ) ( pay ( and ( promotion standards ) ) ) ) ( to ( organizational ( mission ( , ( vision ( , ( and culture ) ) ) ) ) ) ) ) . )	( They ( ( ( had ( no ( clear ( cut standards ) ) ) ) ( when ( it ( came ( to pay ) ) ) ) ) . ) )	(ROOT (NP (NP (NP (NN development) (NNS programs)) (, ,) (CC and) (NP (NN pay) (CC and) (NN promotion) (NNS standards))) (SBAR (S (VP (TO to) (VP (VB organizational) (NP (NN mission) (, ,) (NN vision) (, ,) (CC and) (NN culture)))))) (. .)))	(ROOT (S (NP (PRP They)) (VP (VBD had) (NP (DT no) (JJ clear) (NN cut) (NNS standards)) (SBAR (WHADVP (WRB when)) (S (NP (PRP it)) (VP (VBD came) (S (VP (TO to) (VP (VB pay)))))))) (. .)))	development programs, and pay and promotion standards to organizational mission, vision, and culture.	They had no clear cut standards when it came to pay.	contradiction	contradiction
66137	128490	128490e	fiction	( Everything ( ( was ( ( arranged ( by ( ( the family ) ( as ( a penance ) ) ) ) ) ( for ( avoiding work ) ) ) ) . ) )	( ( The family ) ( ( had ( ( arranged ( all ( of ( the things ) ) ) ) ( to ( ( make up ) ( for ( avoiding work ) ) ) ) ) ) . ) )	(ROOT (S (NP (NNP Everything)) (VP (VBD was) (VP (VBN arranged) (PP (IN by) (NP (NP (DT the) (NN family)) (PP (IN as) (NP (DT a) (NN penance))))) (PP (IN for) (S (VP (VBG avoiding) (NP (NN work))))))) (. .)))	(ROOT (S (NP (DT The) (NN family)) (VP (VBD had) (VP (VBN arranged) (NP (NP (DT all)) (PP (IN of) (NP (DT the) (NNS things)))) (S (VP (TO to) (VP (VB make) (PRT (RP up)) (PP (IN for) (S (VP (VBG avoiding) (NP (NN work)))))))))) (. .)))	Everything was arranged by the family as a penance for avoiding work.	The family had arranged all of the things to make up for avoiding work. 	entailment	entailment
145605	78736	78736e	government	( They ( ( were ( both ( ( ( ( ( approved ( by OMB ) ) and ) ( assigned ( control control ) ) ) ( ( number 32350461 ) ( for ( the amendments ) ) ) ) ( to ( ( the ( Quote ( Rule ( and ( control number ) ) ) ) ) ( 3235-0462 ( for ( the ( Display Rule ) ) ) ) ) ) ) ) ) . ) )	( ( The OMB ) ( ( approved ( both ( of them ) ) ) . ) )	(ROOT (S (NP (PRP They)) (VP (VBD were) (VP (DT both) (VP (VBN approved) (PP (IN by) (NP (NNP OMB)))) (CC and) (VP (VBN assigned) (NP (NN control) (NN control))) (NP (NP (NN number) (CD 32350461)) (PP (IN for) (NP (DT the) (NNS amendments)))) (PP (TO to) (NP (NP (DT the) (NNP Quote) (NN Rule) (CC and) (NN control) (NN number)) (VP (VBN 3235-0462) (PP (IN for) (NP (DT the) (JJ Display) (NN Rule)))))))) (. .)))	(ROOT (S (NP (DT The) (NNP OMB)) (VP (VBD approved) (NP (NP (DT both)) (PP (IN of) (NP (PRP them))))) (. .)))	They were both approved by OMB and assigned control  control number 32350461 for the amendments to the Quote Rule and control number 3235-0462 for the Display Rule.	The OMB approved both of them.	entailment	entailment
34288	23533	23533n	fiction	( It ( ( was ( something ( in ( ( the ( man 's ) ) eyes ) ) ) ) . ) )	( ( ( ( ( ( His eyes ) ( told ( ( a story ) ( of ( a ( thousand words ) ) ) ) ) ) , ) but ) ( it ( ( was n't ) ( enough ( to ( justify ( the claims ) ) ) ) ) ) ) . )	(ROOT (S (NP (PRP It)) (VP (VBD was) (NP (NP (NN something)) (PP (IN in) (NP (NP (DT the) (NN man) (POS 's)) (NNS eyes))))) (. .)))	(ROOT (S (S (NP (PRP$ His) (NNS eyes)) (VP (VBD told) (NP (NP (DT a) (NN story)) (PP (IN of) (NP (DT a) (CD thousand) (NNS words)))))) (, ,) (CC but) (S (NP (PRP it)) (VP (VBD was) (RB n't) (ADJP (JJ enough) (S (VP (TO to) (VP (VB justify) (NP (DT the) (NNS claims)))))))) (. .)))	It was something in the man's eyes.	His eyes told a story of a thousand words, but it wasn't enough to justify the claims.	neutral	neutral
10625	23095	23095e	travel	( Never ( ( ( did ( ( a piece ) ( of architecture ) ) ) ( ( more exactly ) ( express ( ( ( the personality ) ( of ( ( its builder ) ( than ( the ( Ceteau ( de ( Versailles ' ) ) ) ) ) ) ) ) ( extravagant ( , ( pompous ( , ( dazzling ( , ( formidable ( , ( glorious ( , ( and vain ) ) ) ) ) ) ) ) ) ) ) ) ) ) ) . ) )	( ( The ( Ceteau ( de Versailles ) ) ) ( ( ( expressed ( ( the personality ) ( of ( its builder ) ) ) ) exactly ) . ) )	(ROOT (SINV (ADVP (RB Never)) (VBD did) (NP (NP (DT a) (NN piece)) (PP (IN of) (NP (NN architecture)))) (VP (ADVP (RBR more) (RB exactly)) (VB express) (NP (NP (DT the) (NN personality)) (PP (IN of) (NP (NP (PRP$ its) (NN builder)) (PP (IN than) (NP (DT the) (NNP Ceteau) (IN de) (NNP Versailles) ('' '))))) (UCP (NP (JJ extravagant)) (, ,) (ADJP (JJ pompous)) (, ,) (ADJP (JJ dazzling)) (, ,) (ADJP (JJ formidable)) (, ,) (ADJP (JJ glorious)) (, ,) (CC and) (NP (JJ vain))))) (. .)))	(ROOT (S (NP (DT The) (NNP Ceteau) (NNP de) (NNP Versailles)) (VP (VBD expressed) (NP (NP (DT the) (NN personality)) (PP (IN of) (NP (PRP$ its) (NN builder)))) (ADVP (RB exactly))) (. .)))	Never did a piece of architecture more exactly express the personality of its builder than the Ceteau de Versailles ' extravagant, pompous, dazzling, formidable, glorious, and vain.	The Ceteau de Versailles expressed the personality of its builder exactly.	entailment	entailment
377466	96822	96822e	slate	( -LRB- ( ( ( ( The definition ) ( of women ) ) here ) ( ( ( is ( ( broad enough ) ( to ( include ( ( transvestites and ) transsexuals ) ) ) ) ) . ) -RRB- ) ) )	( Here ( women ( ( ( are also ) ( ( transvestites and ) transsexuals ) ) . ) ) )	(ROOT (S (-LRB- -LRB-) (NP (NP (DT The) (NN definition)) (PP (IN of) (NP (NNS women))) (ADVP (RB here))) (VP (VBZ is) (ADJP (JJ broad) (RB enough) (S (VP (TO to) (VP (VB include) (NP (NNS transvestites) (CC and) (NNS transsexuals))))))) (. .) (-RRB- -RRB-)))	(ROOT (S (ADVP (RB Here)) (NP (NNS women)) (VP (VBP are) (ADVP (RB also)) (NP (NNS transvestites) (CC and) (NNS transsexuals))) (. .)))	(The definition of women here is broad enough to include transvestites and transsexuals.)	Here women are also transvestites and transsexuals.	entailment	entailment
38180	25690	25690e	government	( This ( ( is ( shown ( in ( ( the ( supply curve ) ) ( in ( Figure 9 ) ) ) ) ) ) . ) )	( This ( ( is ( shown ( in ( Figure 9 ) ) ) ) . ) )	(ROOT (S (NP (DT This)) (VP (VBZ is) (VP (VBN shown) (PP (IN in) (NP (NP (DT the) (NN supply) (NN curve)) (PP (IN in) (NP (NNP Figure) (CD 9))))))) (. .)))	(ROOT (S (NP (DT This)) (VP (VBZ is) (VP (VBN shown) (PP (IN in) (NP (NNP Figure) (CD 9))))) (. .)))	This is shown in the supply curve in Figure 9.	This is shown in Figure 9.	entailment	entailment
126697	55604	55604c	slate	( And ( eventually ( people ( ( are ( ( no longer ) ( eager ( to ( live ( on ( garbage dumps ) ) ) ) ) ) ) . ) ) ) )	( Eventually ( people ( ( become ( happy ( with ( living ( on ( garbage dumps ) ) ) ) ) ) . ) ) )	(ROOT (S (CC And) (ADVP (RB eventually)) (NP (NNS people)) (VP (VBP are) (ADJP (ADVP (RB no) (RBR longer)) (JJ eager) (S (VP (TO to) (VP (VB live) (PP (IN on) (NP (NN garbage) (NNS dumps)))))))) (. .)))	(ROOT (S (ADVP (RB Eventually)) (NP (NNS people)) (VP (VBP become) (ADJP (JJ happy) (PP (IN with) (S (VP (VBG living) (PP (IN on) (NP (NN garbage) (NNS dumps)))))))) (. .)))	And eventually people are no longer eager to live on garbage dumps.	Eventually people become happy with living on garbage dumps.	contradiction	contradiction
35396	35157	35157n	government	( ( Recognizing ( ( ( ( the relationship ) ( between ( grid ( cell resolution ) ) ) ) and ) ( ( the certainty ) ( of results ) ) ) ) ( , ( we ( ( sought ( to ( ( estimate ( pollutant concentrations ) ) ( in ( ( ( more populated ) areas ) ( using ( higher ( resolution models ) ) ) ) ) ) ) ) . ) ) ) )	( We ( ( had ( ( little time ) ( left ( to ( spend ( estimating ( pollutant concentrations ) ) ) ) ) ) ) . ) )	(ROOT (S (S (VP (VBG Recognizing) (NP (NP (NP (DT the) (NN relationship)) (PP (IN between) (NP (NN grid) (NN cell) (NN resolution)))) (CC and) (NP (NP (DT the) (NN certainty)) (PP (IN of) (NP (NNS results))))))) (, ,) (NP (PRP we)) (VP (VBD sought) (S (VP (TO to) (VP (VB estimate) (NP (JJ pollutant) (NNS concentrations)) (PP (IN in) (NP (NP (ADJP (RBR more) (JJ populated)) (NNS areas)) (VP (VBG using) (NP (JJR higher) (NN resolution) (NNS models))))))))) (. .)))	(ROOT (S (NP (PRP We)) (VP (VBD had) (NP (NP (JJ little) (NN time)) (VP (VBN left) (S (VP (TO to) (VP (VB spend) (S (VP (VBG estimating) (NP (JJ pollutant) (NNS concentrations)))))))))) (. .)))	Recognizing the relationship between grid cell resolution and the certainty of results, we sought to estimate pollutant concentrations in more populated areas using higher resolution models.	We had little time left to spend estimating pollutant concentrations.	neutral	neutral
64844	10063	10063c	telephone	( ( yes ( uh-huh yeah ) ) ( i ( it ( ( 's ( ( the ( same way ) ) ( with ( everything ( in education ) ) ) ) ) ( though ( ( ( it ( should ( ( begin ( and ( right down ) ) ) ( in ( the ( first ( grade uh ) ) ) ) ) ) ) and ) ( ( ( your ( ( very best ) teachers ) ) ( in ( my estimation ) ) ) ( should ( ( be ( first ( ( ( second or ) third ) grade ) ) ) ( so ( that ( ( the children ) ( ( ( ( ( develop ( good ( learning patterns ) ) ) and ) ( have ( some success ) ) ) and ) ( want ( to ( ( ( go ( on learning ) ) and ) ( ( ( ( continue ( learning uh ) ) and ) not ) ( wait ( until ( ( ( they ( 're ( in ( high school ) ) ) ) and ) ( then ( it ( ( 's ( too late ) ) ( to ( try ( to ( ( ( change them ) around ) ( at ( that point ) ) ) ) ) ) ) ) ) ) ) ) ) ) ) ) ) ) ) ) ) ) ) ) ) ) ) ) )	( Children ( ( should ( learn ( how ( to ( vote ( ( early on ) ( so ( they ( ( do n't ) ( vote ( for ( people ( like Trump ) ) ) ) ) ) ) ) ) ) ) ) ) . ) )	(ROOT (S (NP (RB yes) (JJ uh-huh) (NN yeah)) (VP (VBD i) (SBAR (S (NP (PRP it)) (VP (VBZ 's) (NP (NP (DT the) (JJ same) (NN way)) (PP (IN with) (NP (NP (NN everything)) (PP (IN in) (NP (NN education)))))) (SBAR (IN though) (S (S (NP (PRP it)) (VP (MD should) (VP (VB begin) (ADVP (CC and) (RB right) (IN down)) (PP (IN in) (NP (DT the) (JJ first) (NN grade) (NN uh)))))) (CC and) (S (NP (NP (PRP$ your) (ADJP (RB very) (JJS best)) (NNS teachers)) (PP (IN in) (NP (PRP$ my) (NN estimation)))) (VP (MD should) (VP (VB be) (NP (JJ first) (ADJP (JJ second) (CC or) (JJ third)) (NN grade)) (SBAR (RB so) (IN that) (S (NP (DT the) (NNS children)) (VP (VP (VB develop) (NP (JJ good) (NN learning) (NNS patterns))) (CC and) (VP (VB have) (NP (DT some) (NN success))) (CC and) (VP (VB want) (S (VP (TO to) (VP (VP (VB go) (PP (IN on) (S (VP (VBG learning))))) (CC and) (VP (VP (VB continue) (INTJ (UH learning) (UH uh))) (CC and) (RB not) (VP (VB wait) (SBAR (IN until) (S (S (NP (PRP they)) (VP (VBP 're) (PP (IN in) (NP (JJ high) (NN school))))) (CC and) (S (ADVP (RB then)) (NP (PRP it)) (VP (VBZ 's) (ADJP (RB too) (JJ late)) (S (VP (TO to) (VP (VB try) (S (VP (TO to) (VP (VB change) (NP (PRP them)) (PRT (RP around)) (PP (IN at) (NP (DT that) (NN point)))))))))))))))))))))))))))))))))	(ROOT (S (NP (NNP Children)) (VP (MD should) (VP (VB learn) (SBAR (WHADVP (WRB how)) (S (VP (TO to) (VP (VB vote) (ADVP (ADVP (RB early) (RB on)) (SBAR (IN so) (S (NP (PRP they)) (VP (VBP do) (RB n't) (VP (VB vote) (PP (IN for) (NP (NP (NNS people)) (PP (IN like) (NP (NNP Trump)))))))))))))))) (. .)))	yes uh-huh yeah i it's the same way with everything in education though it should begin and right down in the first grade uh and your very best teachers in my estimation should be first second or third grade so that the children develop good learning patterns and have some success and want to go on learning and continue learning uh and not wait until they're in high school and then it's too late to try to change them around at that point	Children should learn how to vote early on so they don't vote for people like Trump.	contradiction	contradiction
55969	12809	12809n	slate	( ( ( B . ) ( A ( lottery ticket ) ) ) ( ( that ( ( gives you ) ( ( a ( 10/11 chance ) ) ( of ( winning ( ( $ 5 ) million ) ) ) ) ) ) . ) )	( You ( ( will ( ( win ( with ( a ( lottery ticket ) ) ) ) ( with ( these odds ) ) ) ) . ) )	(ROOT (S (NP (NP (NNP B) (. .)) (NP (DT A) (NN lottery) (NN ticket))) (VP (ADVP (IN that)) (VBZ gives) (NP (PRP you)) (NP (NP (DT a) (CD 10/11) (NN chance)) (PP (IN of) (S (VP (VBG winning) (NP (QP ($ $) (CD 5) (CD million)))))))) (. .)))	(ROOT (S (NP (PRP You)) (VP (MD will) (VP (VB win) (PP (IN with) (NP (DT a) (NN lottery) (NN ticket))) (PP (IN with) (NP (DT these) (NNS odds))))) (. .)))	B. A lottery ticket that gives you a 10/11 chance of winning $5 million.	You will win with a lottery ticket with these odds.	neutral	neutral
55016	96820	96820c	telephone	( i ( think ( there ( ( 's ( ( a problem ) ( too ( with teachers ) ) ) ) ( trying ( to ( um ( to ( ( be ( so versatile ) ) ( that ( they ( ( do ( lose ( sight ( of ( ( the basics ) ( you ( know ( they ( 've ( ( been ( ( a ( big drive ) ) ( in especially ) ) ) ( in ( the seventies ) ) ) ) ) ) ) ) ) ) ) ) ( to ( ( return back ) ( to ( the basics ) ) ) ) ) ) ) ) ) ) ) ) ) ) ) )	( ( In ( the seventies ) ) ( there ( ( was ( a ( big ( drive ( to ( ( move away ) ( from ( the basics ) ) ) ) ) ) ) ) . ) ) )	(ROOT (S (NP (FW i)) (VP (VBP think) (SBAR (S (NP (EX there)) (VP (VBZ 's) (ADVP (NP (DT a) (NN problem)) (RB too) (PP (IN with) (NP (NNS teachers)))) (VP (VBG trying) (S (VP (TO to) (VP (VB um) (S (VP (TO to) (VP (VB be) (ADJP (RB so) (JJ versatile)) (SBAR (IN that) (S (NP (PRP they)) (VP (VBP do) (S (VP (VB lose) (NP (NP (NN sight)) (PP (IN of) (NP (NP (DT the) (NNS basics)) (SBAR (S (NP (PRP you)) (VP (VBP know) (SBAR (S (NP (PRP they)) (VP (VBP 've) (VP (VBN been) (NP (NP (DT a) (JJ big) (NN drive)) (PP (IN in) (ADVP (RB especially)))) (PP (IN in) (NP (DT the) (NNS seventies))))))))))))))) (S (VP (TO to) (VP (VB return) (PRT (RP back)) (PP (TO to) (NP (DT the) (NNS basics))))))))))))))))))))))	(ROOT (S (PP (IN In) (NP (DT the) (NNS seventies))) (NP (EX there)) (VP (VBD was) (NP (DT a) (JJ big) (NN drive) (S (VP (TO to) (VP (VB move) (PRT (RP away)) (PP (IN from) (NP (DT the) (NNS basics)))))))) (. .)))	i think there's a problem too with teachers trying to um to be so versatile that they do lose sight of the basics you know they've been a big drive in especially in the seventies to return back to the basics	In the seventies there was a big drive to move away from the basics. 	contradiction	contradiction
274736	90032	90032n	government	( ( What ( is important ) ) ( ( is ( that ( ( labor negotiations ) ( ( ( take place ) ( within ( ( the framework ) ( of ( a situation ) ) ) ) ) ( where ( ( ( the loss ) ( of ( business ( to competitors ) ) ) ) ( is ( an ( everyday reality ) ) ) ) ) ) ) ) ) . ) )	( ( ( The loss ) ( of ( business ( to competitors ) ) ) ) ( ( has ( ( a ( strong effect ) ) ( on ( labor negotiations ) ) ) ) . ) )	(ROOT (S (SBAR (WHNP (WP What)) (S (VP (VBZ is) (ADJP (JJ important))))) (VP (VBZ is) (SBAR (IN that) (S (NP (NN labor) (NNS negotiations)) (VP (VBP take) (NP (NN place)) (PP (IN within) (NP (NP (DT the) (NN framework)) (PP (IN of) (NP (DT a) (NN situation))))) (SBAR (WHADVP (WRB where)) (S (NP (NP (DT the) (NN loss)) (PP (IN of) (NP (NP (NN business)) (PP (TO to) (NP (NNS competitors)))))) (VP (VBZ is) (NP (DT an) (JJ everyday) (NN reality))))))))) (. .)))	(ROOT (S (NP (NP (DT The) (NN loss)) (PP (IN of) (NP (NP (NN business)) (PP (TO to) (NP (NNS competitors)))))) (VP (VBZ has) (NP (NP (DT a) (JJ strong) (NN effect)) (PP (IN on) (NP (NN labor) (NNS negotiations))))) (. .)))	What is important is that labor negotiations take place within the framework of a situation where the loss of business to competitors is an everyday reality.	The loss of business to competitors has a strong effect on labor negotiations.	neutral	neutral
221313	16679	16679c	government	( I ( fully ( ( appreciate ( that ( ( much work ) ( may ( be ( needed ( before ( ( ( agencies ' ) ( respective ( performance ( management systems ) ) ) ) ( are ( able ( to ( support ( ( a ( ( more direct ) link ) ) ( between ( ( ( ( ( ( pay ( and ( individual knowledge ) ) ) , ) skills ) , ) and ) performance ) ) ) ) ) ) ) ) ) ) ) ) ) ) ) . ) ) )	( ( I ( ( do n't ) understand ) ) ( , ( I ( ( think ( ( the ( Performance ( management systems ) ) ) ( ought ( to ( be ( able ( to ( support ( ( this ( direct link ) ) ( between ( pay ( and ( individual performance ) ) ) ) ) ) ) ) ) ) ) ) ) . ) ) ) )	(ROOT (S (NP (PRP I)) (ADVP (RB fully)) (VP (VBP appreciate) (SBAR (IN that) (S (NP (JJ much) (NN work)) (VP (MD may) (VP (VB be) (VP (VBN needed) (SBAR (IN before) (S (NP (NP (NNS agencies) (POS ')) (JJ respective) (NN performance) (NN management) (NNS systems)) (VP (VBP are) (ADJP (JJ able) (S (VP (TO to) (VP (VB support) (NP (NP (DT a) (ADJP (RBR more) (JJ direct)) (NN link)) (PP (IN between) (NP (NP (NN pay) (CC and) (JJ individual) (NN knowledge)) (, ,) (NP (NNS skills)) (, ,) (CC and) (NP (NN performance)))))))))))))))))) (. .)))	(ROOT (S (S (NP (PRP I)) (VP (VBP do) (RB n't) (VP (VB understand)))) (, ,) (NP (PRP I)) (VP (VBP think) (SBAR (S (NP (DT the) (NNP Performance) (NN management) (NNS systems)) (VP (MD ought) (S (VP (TO to) (VP (VB be) (ADJP (JJ able) (S (VP (TO to) (VP (VB support) (NP (NP (DT this) (JJ direct) (NN link)) (PP (IN between) (NP (NN pay) (CC and) (JJ individual) (NN performance))))))))))))))) (. .)))	I fully appreciate that much work may be needed before agencies' respective performance management systems are able to support a more direct link between pay and individual knowledge, skills, and performance.	I don't understand, I think the Performance management systems ought to be able to support this direct link between pay and individual performance. 	contradiction	contradiction
146872	14801	14801e	travel	( ( The music ) ( ( is ( ( played ( ( ( ( ( on typically ) Catalonian ) and ) ( in ( some cases ) ) ) ( uniquely Ibicencan ) ) ) ( ( ( ( ( ( ( ( a ( wooden flute ) ) and ) ( ( a ( small drum ) ) ( -LRB- ( ( ( handled simultaneously ) ( by ( a ( single ( ambidextrous man ) ) ) ) ) -RRB- ) ) ) ) , ) ( ( a sort ) ( of ( ( steel sabre ) ( struck ( in rhythm ) ) ) ) ) ) , ) and ) ( large castanets ) ) ) ) . ) )	( ( Wooden ( flutes ( , ( ( castanets and ) drums ) ) ) ) ( ( are ( used ( to ( make ( Catalonian music ) ) ) ) ) . ) )	(ROOT (S (NP (DT The) (NN music)) (VP (VBZ is) (VP (VBN played) (PP (PP (IN on) (ADVP (RB typically)) (NP (NNP Catalonian))) (CC and) (PP (IN in) (NP (DT some) (NNS cases))) (NP (NNP uniquely) (NNP Ibicencan))) (S (NP (NP (NP (DT a) (JJ wooden) (NN flute)) (CC and) (NP (NP (DT a) (JJ small) (NN drum)) (PRN (-LRB- -LRB-) (VP (VBN handled) (ADVP (RB simultaneously)) (PP (IN by) (NP (DT a) (JJ single) (NNS ambidextrous) (NN man)))) (-RRB- -RRB-)))) (, ,) (NP (NP (DT a) (NN sort)) (PP (IN of) (NP (NP (NN steel) (NN sabre)) (VP (VBN struck) (PP (IN in) (NP (NN rhythm))))))) (, ,) (CC and) (NP (JJ large) (NNS castanets)))))) (. .)))	(ROOT (S (NP (NNP Wooden) (NNS flutes) (, ,) (NNS castanets) (CC and) (NNS drums)) (VP (VBP are) (VP (VBN used) (S (VP (TO to) (VP (VB make) (NP (JJ Catalonian) (NN music))))))) (. .)))	 The music is played on typically Catalonian and in some cases uniquely Ibicencan  a wooden flute and a small drum (handled simultaneously by a single ambidextrous man), a sort of steel sabre struck in rhythm, and large castanets.	Wooden flutes, castanets and drums are used to make Catalonian music.	entailment	entailment
235286	19278	19278e	travel	( ( ( The ( excellent ( Youth Wing ) ) ) ( of ( ( the museum ) ( for ( ( children and ) teenagers ) ) ) ) ) ( ( is opposite ) . ) )	( There ( ( is ( ( a ( youth wing ) ) ( of ( ( the museum ) ( for ( ( children and ) teens ) ) ) ) ) ) . ) )	(ROOT (S (NP (NP (DT The) (JJ excellent) (NNP Youth) (NNP Wing)) (PP (IN of) (NP (NP (DT the) (NN museum)) (PP (IN for) (NP (NNS children) (CC and) (NNS teenagers)))))) (VP (VBZ is) (NP (NN opposite))) (. .)))	(ROOT (S (NP (EX There)) (VP (VBZ is) (NP (NP (DT a) (NN youth) (NN wing)) (PP (IN of) (NP (NP (DT the) (NN museum)) (PP (IN for) (NP (NNS children) (CC and) (NNS teens))))))) (. .)))	The excellent Youth Wing of the museum for children and teenagers is opposite.	There is a youth wing of the museum for children and teens. 	entailment	entailment
33903	20677	20677n	fiction	( ( ( ( ( I ( ( ( 'm not ) myself ) ( since then ) ) ) . ) '' ) ( `` ( ( ( What ( in hell ) ) ( ( would they ) ( need ( with helicopters ) ) ) ) ( ? ( '' ( Hanson asked ) ) ) ) ) ) . )	( Hanson ( ( ( ( was n't ) ( quite sure ) ) ( why ( they ( would ( need ( helicopters ( to ( go there ) ) ) ) ) ) ) ) . ) )	(ROOT (S (S (NP (PRP I)) (VP (VBP 'm) (RB not) (NP (PRP myself)) (PP (IN since) (NP (RB then))))) (. .) ('' '') (S (`` ``) (SBARQ (WHNP (WHNP (WP What)) (PP (IN in) (NP (NN hell)))) (SQ (MD would) (NP (PRP they)) (VP (VB need) (PP (IN with) (NP (NNS helicopters)))))) (. ?) ('' '') (NP (NNP Hanson)) (VP (VBD asked))) (. .)))	(ROOT (S (NP (NNP Hanson)) (VP (VBD was) (RB n't) (ADJP (RB quite) (JJ sure)) (SBAR (WHADVP (WRB why)) (S (NP (PRP they)) (VP (MD would) (VP (VB need) (S (NP (NNS helicopters)) (VP (TO to) (VP (VB go) (ADVP (RB there)))))))))) (. .)))	I'm not myself since then."  "What in hell would they need with helicopters?" Hanson asked.	Hanson wasn't quite sure why they would need helicopters to go there.	neutral	neutral
284865	56853	56853e	telephone	( and ( she ( 's ( ( doing it ) ( i ( mean ( it ( ( 's not ) ( like ( it ( 's like ) ) ) ) ) ) ) ) ) ) )	( She ( is ( doing something ) ) )	(ROOT (PRN (CC and) (S (NP (PRP she)) (VP (VBZ 's) (VP (VBG doing) (NP (PRP it)) (SBAR (S (NP (FW i)) (VP (VBP mean) (SBAR (S (NP (PRP it)) (VP (VBZ 's) (RB not) (SBAR (IN like) (S (NP (PRP it)) (VP (VBZ 's) (ADJP (JJ like))))))))))))))))	(ROOT (S (NP (PRP She)) (VP (VBZ is) (VP (VBG doing) (NP (NN something))))))	and she's doing it i mean it's not like it's like	She is doing something	entailment	entailment
59944	847	847c	travel	( ( Coptic Christians ) ( ( ( ( founded ( an ( expansive community ) ) ) ( for ( ( prayer and ) contemplation ) ) ) ( here ( in ( ( the ( fourth ( century a.d. ) ) ) ( when ( ( many monks ) ( chose ( to ( ( live ( their lives ) ) ( as hermits ) ) ) ) ) ) ) ) ) ) . ) )	( ( Coptic monks ) ( ( ( have never ) ( ( lived ( their lives ) ) ( as hermits ) ) ) . ) )	(ROOT (S (NP (JJ Coptic) (NNS Christians)) (VP (VBD founded) (NP (DT an) (JJ expansive) (NN community)) (PP (IN for) (NP (NN prayer) (CC and) (NN contemplation))) (PP (ADVP (RB here)) (IN in) (NP (NP (DT the) (JJ fourth) (NN century) (NN a.d.)) (SBAR (WHADVP (WRB when)) (S (NP (JJ many) (NNS monks)) (VP (VBD chose) (S (VP (TO to) (VP (VB live) (NP (PRP$ their) (NNS lives)) (PP (IN as) (NP (NNS hermits)))))))))))) (. .)))	(ROOT (S (NP (JJ Coptic) (NNS monks)) (VP (VBP have) (ADVP (RB never)) (VP (VBN lived) (NP (PRP$ their) (NNS lives)) (PP (IN as) (NP (NNS hermits))))) (. .)))	Coptic Christians founded an expansive community for prayer and contemplation here in the fourth century a.d. when many monks chose to live their lives as hermits.	Coptic monks have never lived their lives as hermits.	contradiction	contradiction
145457	118425	118425n	travel	( ( None ( of ( these reforms ) ) ) ( ( pleased ( ( ( the ( ( Russians and ) Prussians ) ) , ) ( who ( continued ( to ( covet ( Polish territory ) ) ) ) ) ) ) . ) )	( ( ( Russians and ) Prussians ) ( ( considered ( ( working together ) ( ( in order ) ( to ( seize Poland ) ) ) ) ) . ) )	(ROOT (S (NP (NP (NN None)) (PP (IN of) (NP (DT these) (NNS reforms)))) (VP (VBD pleased) (NP (NP (DT the) (NNPS Russians) (CC and) (NNPS Prussians)) (, ,) (SBAR (WHNP (WP who)) (S (VP (VBD continued) (S (VP (TO to) (VP (VB covet) (NP (JJ Polish) (NN territory)))))))))) (. .)))	(ROOT (S (NP (NNPS Russians) (CC and) (NNPS Prussians)) (VP (VBD considered) (S (VP (VBG working) (ADVP (RB together)) (SBAR (IN in) (NN order) (S (VP (TO to) (VP (VB seize) (NP (NNP Poland))))))))) (. .)))	None of these reforms pleased the Russians and Prussians, who continued to covet Polish territory.	Russians and Prussians considered working together in order to seize Poland.	neutral	neutral
163164	97859	97859c	fiction	( ( You forget ) ( , ( Boris ( , ( she ( said . ) ) ) ) ) )	( I ( ( 'm ( happy ( you ( ( ( ( remembered , ) Boris ) , ) ( she said ) ) ) ) ) . ) )	(ROOT (S (S (NP (PRP You)) (VP (VBP forget))) (, ,) (NP (NNP Boris)) (, ,) (NP (PRP she)) (VP (VBD said)) (. .)))	(ROOT (S (NP (PRP I)) (VP (VBP 'm) (ADJP (JJ happy) (SBAR (S (NP (PRP you)) (VP (VBD remembered) (, ,) (ADVP (RB Boris)) (, ,) (SBAR (S (NP (PRP she)) (VP (VBD said))))))))) (. .)))	You forget, Boris, she said.	I'm happy you remembered, Boris, she said.	contradiction	contradiction
217458	131422	131422c	telephone	( just ( by ( watching ( what ( ( ( i ate ) and ) ( they ( ( fix you ) ( up ( with ( ( a diet ) ( which ( worked ( real good ) ) ) ) ) ) ) ) ) ) ) ) )	( ( The diet ) ( ( was ( a ( total disaster ) ) ) . ) )	(ROOT (PP (RB just) (IN by) (S (VP (VBG watching) (SBAR (WHNP (WP what)) (S (S (NP (FW i)) (VP (VBD ate))) (CC and) (S (NP (PRP they)) (VP (VB fix) (NP (PRP you)) (ADVP (RB up) (PP (IN with) (NP (NP (DT a) (NN diet)) (SBAR (WHNP (WDT which)) (S (VP (VBD worked) (ADJP (RB real) (JJ good))))))))))))))))	(ROOT (S (NP (DT The) (NN diet)) (VP (VBD was) (NP (DT a) (JJ total) (NN disaster))) (. .)))	just by watching what i ate and they fix you up with a diet which worked real good	The diet was a total disaster.	contradiction	contradiction
197253	7806	7806n	government	( ( ( get buy-in ) ( from ( stakeholders ( in ( the state ) ) ) ) ) . )	( Stakeholders ( ( provide ( buy-in ( for ( the project ) ) ) ) . ) )	(ROOT (S (VP (VB get) (NP (NN buy-in)) (PP (IN from) (NP (NP (NNS stakeholders)) (PP (IN in) (NP (DT the) (NN state)))))) (. .)))	(ROOT (S (NP (NNS Stakeholders)) (VP (VBP provide) (NP (NP (NN buy-in)) (PP (IN for) (NP (DT the) (NN project))))) (. .)))	get buy-in from stakeholders in the state.	Stakeholders provide buy-in for the project.	neutral	neutral
9570	136263	136263e	government	( They ( ( asked ( Fieldstone ( to ( ( trade ( a ( ( deed ( to ( ( the house ) ( for ( $ 60,000 ) ) ) ) ) ( , ( enough cash ) ) ) ) ) ( to ( let ( ( the Ledfords ) ( buy ( a condo ) ) ) ) ) ) ) ) ) . ) )	( ( The ledford ) ( ( 's ( asked ( fieldstone ( to ( ( trade ( ( a ( ( deed ( to ( their house ) ) ) fir ) ) ( $ 60,000 ) ) ) ( so ( that ( they ( could ( buy ( a condo ) ) ) ) ) ) ) ) ) ) ) . ) )	(ROOT (S (NP (PRP They)) (VP (VBD asked) (S (NP (NNP Fieldstone)) (VP (TO to) (VP (VB trade) (NP (DT a) (ADJP (JJ deed) (PP (TO to) (NP (NP (DT the) (NN house)) (PP (IN for) (NP ($ $) (CD 60,000)))))) (, ,) (JJ enough) (NN cash)) (S (VP (TO to) (VP (VB let) (S (NP (DT the) (NNPS Ledfords)) (VP (VB buy) (NP (DT a) (NN condo))))))))))) (. .)))	(ROOT (S (NP (DT The) (NN ledford)) (VP (VBZ 's) (VP (VBN asked) (ADJP (JJ fieldstone) (S (VP (TO to) (VP (VB trade) (NP (NP (DT a) (ADJP (JJ deed) (PP (TO to) (NP (PRP$ their) (NN house)))) (NN fir)) (ADJP ($ $) (CD 60,000))) (SBAR (RB so) (IN that) (S (NP (PRP they)) (VP (MD could) (VP (VB buy) (NP (DT a) (NN condo)))))))))))) (. .)))	They asked Fieldstone to trade a deed to the house for $60,000, enough cash to let the Ledfords buy a condo.	The ledford's asked fieldstone to trade a deed to their house fir $60,000 so that they could buy a condo. 	entailment	entailment
35767	52440	52440n	slate	( ( ( ( ( ( A profile ) ( of ( Steve Jurvetson ) ) ) , ) ( ( the ( 33-year-old ( venture capitalist ) ) ) ( who ( ( seeds Internet ) startups ) ) ) ) , ) ( ( predicts ( he ( will ( prosper ( even ( though ( ( Internet IPOs ) ( ( no longer ) ( promise ( exponential returns ) ) ) ) ) ) ) ) ) ) . ) )	( He ( has ( been ( ( a ( venture capitalist ) ) ( since ( age 24 ) ) ) ) ) )	(ROOT (S (NP (NP (NP (DT A) (NN profile)) (PP (IN of) (NP (NNP Steve) (NNP Jurvetson)))) (, ,) (NP (NP (DT the) (JJ 33-year-old) (NN venture) (NN capitalist)) (SBAR (WHNP (WP who)) (S (NP (NNS seeds) (NN Internet)) (VP (VBZ startups))))) (, ,)) (VP (VBZ predicts) (SBAR (S (NP (PRP he)) (VP (MD will) (VP (VB prosper) (SBAR (RB even) (IN though) (S (NP (NN Internet) (NNS IPOs)) (VP (ADVP (RB no) (RB longer)) (VBP promise) (NP (JJ exponential) (NNS returns)))))))))) (. .)))	(ROOT (S (NP (PRP He)) (VP (VBZ has) (VP (VBN been) (NP (NP (DT a) (NN venture) (NN capitalist)) (PP (IN since) (NP (NN age) (CD 24))))))))	A profile of Steve Jurvetson, the 33-year-old venture capitalist who seeds Internet startups, predicts he will prosper even though Internet IPOs no longer promise exponential returns.	He has been a venture capitalist since age 24	neutral	neutral
25425	47925	47925c	slate	( Henceforth ( , ( ( this column ) ( ( will ( ( refer ( to ( ( the show ) ( as ( This Week ) ) ) ) ) ( until ( ( either ( ( Donaldson or ) Roberts ) ) ( wins ( top billing ) ) ) ) ) ) . ) ) ) )	( ( ( The ( current name ) ) ( of ( the show ) ) ) ( ( is permanent ) . ) )	(ROOT (S (S (ADJP (JJ Henceforth))) (, ,) (NP (DT this) (NN column)) (VP (MD will) (VP (VB refer) (PP (TO to) (NP (NP (DT the) (NN show)) (PP (IN as) (NP (DT This) (NN Week))))) (SBAR (IN until) (S (NP (DT either) (NNP Donaldson) (CC or) (NNP Roberts)) (VP (VBZ wins) (NP (JJ top) (NN billing))))))) (. .)))	(ROOT (S (NP (NP (DT The) (JJ current) (NN name)) (PP (IN of) (NP (DT the) (NN show)))) (VP (VBZ is) (ADJP (JJ permanent))) (. .)))	Henceforth, this column will refer to the show as This Week until either Donaldson or Roberts wins top billing.	The current name of the show is permanent.	contradiction	contradiction
207706	27598	27598n	government	( ( Without credibility ) ( , ( ( the ( CIO organization ) ) ( ( ( ( will ( struggle ( to ( be ( accepted ( as ( ( a ( full participant ) ) ( in ( ( the development ) ( of ( new ( organizational systems ) ) ) ) ) ) ) ) ) ) ) ) and ) processes ) . ) ) ) )	( ( The ( CIO organization ) ) ( ( ( is currently ) ( lacking ( in credibility ) ) ) . ) )	(ROOT (S (PP (IN Without) (NP (NN credibility))) (, ,) (NP (DT the) (NNP CIO) (NN organization)) (VP (VP (MD will) (VP (VB struggle) (S (VP (TO to) (VP (VB be) (VP (VBN accepted) (PP (IN as) (NP (NP (DT a) (JJ full) (NN participant)) (PP (IN in) (NP (NP (DT the) (NN development)) (PP (IN of) (NP (JJ new) (JJ organizational) (NNS systems))))))))))))) (CC and) (VP (VBZ processes))) (. .)))	(ROOT (S (NP (DT The) (NNP CIO) (NN organization)) (VP (VBZ is) (ADVP (RB currently)) (VP (VBG lacking) (PP (IN in) (NP (NN credibility))))) (. .)))	Without credibility, the CIO organization will struggle to be accepted as a full participant in the development of new organizational systems and processes.	The CIO organization is currently lacking in credibility.	neutral	neutral
93639	61128	61128n	telephone	( ( the drug ) ( can ( use you ) ) )	( I ( ( think ( that ( ( some drugs ) ( eventually ( ( end up ) ( ( ( ( taking ( over ( the user ) ) ) , ) and ) ( causing ( them ( to ( do ( things ( they ( ( do n't ) ( want ( to do ) ) ) ) ) ) ) ) ) ) ) ) ) ) ) . ) )	(ROOT (S (NP (DT the) (NN drug)) (VP (MD can) (VP (VB use) (NP (PRP you))))))	(ROOT (S (NP (PRP I)) (VP (VBP think) (SBAR (IN that) (S (NP (DT some) (NNS drugs)) (ADVP (RB eventually)) (VP (VB end) (PRT (RP up)) (S (VP (VP (VBG taking) (PP (IN over) (NP (DT the) (NN user)))) (, ,) (CC and) (VP (VBG causing) (S (NP (PRP them)) (VP (TO to) (VP (VB do) (NP (NP (NNS things)) (SBAR (S (NP (PRP they)) (VP (VBP do) (RB n't) (VP (VB want) (S (VP (TO to) (VP (VB do))))))))))))))))))) (. .)))	the drug can use you	I think that some drugs eventually end up taking over the user, and causing them to do things they don't want to do.	neutral	neutral
226965	31948	31948c	government	( HCFA ( ( ( ( received ( 409 comments ) ) ( in ( the response ) ) ) ( to ( the notice ) ) ) . ) )	( ( The HCFA ) ( ( ( did n't ) ( ( receive ( any comments ) ) ( about ( the response ) ) ) ) . ) )	(ROOT (S (NP (NNP HCFA)) (VP (VBD received) (NP (JJ 409) (NNS comments)) (PP (IN in) (NP (DT the) (NN response))) (PP (TO to) (NP (DT the) (NN notice)))) (. .)))	(ROOT (S (NP (DT The) (NNP HCFA)) (VP (VBD did) (RB n't) (VP (VB receive) (NP (DT any) (NNS comments)) (PP (IN about) (NP (DT the) (NN response))))) (. .)))	HCFA received 409 comments in the response to the notice.	The HCFA didn't receive any comments about the response.	contradiction	contradiction
297786	118578	118578c	slate	( ( ( Is it ) ( ( ( ( possible , ) ( asks Livingstone ) ) , ) ( that ( Zapruder ( was ( a plant ) ) ) ) ) ) ? )	( Livingstone ( ( knew ( Zapruder ( ( was not ) ( a plant ) ) ) ) . ) )	(ROOT (SQ (VBZ Is) (NP (PRP it)) (NP (NP (NP (JJ possible)) (, ,) (NP (NNP asks) (NNP Livingstone)) (, ,)) (SBAR (IN that) (S (NP (NNP Zapruder)) (VP (VBD was) (NP (DT a) (NN plant)))))) (. ?)))	(ROOT (S (NP (NNP Livingstone)) (VP (VBD knew) (SBAR (S (NP (NNP Zapruder)) (VP (VBD was) (RB not) (NP (DT a) (NN plant)))))) (. .)))	Is it possible, asks Livingstone, that Zapruder was a plant?	Livingstone knew Zapruder was not a plant.	contradiction	contradiction
106014	49883	49883n	telephone	( ( oh oh ) ( ( yeah ( ( ( ( well i ) i ) i ) ( ( would i ) ( mean ( you ( know ( they ( 've ( ( got them ) ( ( out here ) ( because ( it ( 's ( you ( know ( they ( ( ( do n't ) actually ) ( know ( what ( Mexican ( you ( know ( what ( ( Mexican food ) is ) ) ) ) ) ) ) ) ) ) ) ) ) ) ) ) ) ) ) ) ) ) ) ) here ) )	( ( Mexican food ) ( ( ( ( is not ) good ) here ) . ) )	(ROOT (SINV (FRAG (INTJ (UH oh) (UH oh))) (VP (VBP yeah) (NP (NP (NN well) (FW i) (FW i) (FW i)) (SBAR (S (VP (MD would) (ADVP (RB i)) (VP (VB mean) (SBAR (S (NP (PRP you)) (VP (VBP know) (SBAR (S (NP (PRP they)) (VP (VBP 've) (VP (VBN got) (NP (PRP them)) (ADVP (ADVP (RB out) (RB here)) (SBAR (IN because) (S (NP (PRP it)) (VP (VBZ 's) (SBAR (S (NP (PRP you)) (VP (VBP know) (SBAR (S (NP (PRP they)) (VP (VBP do) (RB n't) (ADVP (RB actually)) (VP (VB know) (SBAR (WHNP (WP what)) (S (VP (VBD Mexican) (SBAR (S (NP (PRP you)) (VP (VBP know) (SBAR (WHNP (WP what)) (S (NP (JJ Mexican) (NN food)) (VP (VBZ is)))))))))))))))))))))))))))))))))) (NP (RB here))))	(ROOT (S (NP (JJ Mexican) (NN food)) (VP (VBZ is) (RB not) (ADJP (JJ good)) (ADVP (RB here))) (. .)))	oh oh yeah well i i i would i mean you know they've got them out here because it's you know they don't actually know what Mexican you know what Mexican food is here	Mexican food is not good here.	neutral	neutral
286771	90414	90414e	telephone	( ( ( ( oh God ) No ) why ) ( ( ( do n't ) you ) ( go first ) ) )	( You ( ( can ( go first ) ) . ) )	(ROOT (SBARQ (WHADVP (ADVP (NP (CD oh) (NN God)) (RB No)) (WRB why)) (SQ (VBP do) (RB n't) (NP (PRP you)) (VP (VB go) (ADVP (RB first))))))	(ROOT (S (NP (PRP You)) (VP (MD can) (VP (VB go) (ADVP (RB first)))) (. .)))	oh God  No why don't you go first	You can go first.	entailment	entailment
95857	84028	84028c	telephone	( ( ( all sorts ) ( of things ) ) ( that ( i ( ( do n't ) ( think ( you ( know ( we ( typically ( do ( we ( ( do n't ) ( ( take ( that ( much time ) ) ) ( to talk ) ) ) ) ) ) ) ) ) ) ) ) ) )	( We ( ( love ( to ( talk ( about that ) ) ) ) . ) )	(ROOT (FRAG (NP (NP (DT all) (NNS sorts)) (PP (IN of) (NP (NNS things)))) (SBAR (IN that) (S (NP (FW i)) (VP (VBP do) (RB n't) (VP (VB think) (SBAR (S (NP (PRP you)) (VP (VBP know) (SBAR (S (NP (PRP we)) (ADVP (RB typically)) (VP (VBP do) (SBAR (S (NP (PRP we)) (VP (VBP do) (RB n't) (VP (VB take) (NP (DT that) (JJ much) (NN time)) (S (VP (TO to) (VP (VB talk))))))))))))))))))))	(ROOT (S (NP (PRP We)) (VP (VBP love) (S (VP (TO to) (VP (VB talk) (PP (IN about) (NP (DT that))))))) (. .)))	all sorts of things that i don't think you know we typically do  we don't take that much time to talk	We love to talk about that.	contradiction	contradiction
370519	14719	14719n	travel	( ( ( ( Some ( 80 km ) ) ( -LRB- ( ( 50 miles ) -RRB- ) ) ) up ) ( ( ( the ( autoroute ( du Nord ) ) ) ( from ( Paris ( , Com?piygne ) ) ) ) ( ( is ( ( ( another ( classical ( Ile-de-France ( royal ( hunting forest ) ) ) ) ) and ) palace ) ) . ) ) )	( Paris ( ( is ( surrounded ( by ( ( ( palaces and ) royal ) ( hunting forests ) ) ) ) ) . ) )	(ROOT (S (ADVP (NP (NP (DT Some) (CD 80) (NN km)) (PRN (-LRB- -LRB-) (NP (CD 50) (NNS miles)) (-RRB- -RRB-))) (RB up)) (NP (NP (DT the) (JJ autoroute) (NNP du) (NNP Nord)) (PP (IN from) (NP (NNP Paris) (, ,) (NNP Com?piygne)))) (VP (VBZ is) (NP (NP (DT another) (JJ classical) (JJ Ile-de-France) (NN royal) (NN hunting) (NN forest)) (CC and) (NP (NN palace)))) (. .)))	(ROOT (S (NP (NNP Paris)) (VP (VBZ is) (VP (VBN surrounded) (PP (IN by) (NP (ADJP (JJ palaces) (CC and) (JJ royal)) (NN hunting) (NNS forests))))) (. .)))	Some 80 km (50 miles) up the autoroute du Nord from Paris, Com?piygne is another classical Ile-de-France royal hunting forest and palace.	Paris is surrounded by palaces and royal hunting forests.	neutral	neutral
106103	76732	76732n	telephone	( ( ( and ( he ( 's ( been ( it ( ( was alright ) ( before ( we ( had ( ( our kids ) ( it ( was ( he ( 's ( just ( he ( 's ( ( a ( ( real hyper ) dog ) ) ( he barks ) ) ) ) ) ) ) ) ) ) ) ) ) ) ) ) ) ) ) and ) ( and ( jumps ( ( ( ( ( a lot ) so ) ( we ( ( had him ) ( for ( a year ) ) ) ) ) and ) ( then ( ( my husband ) ( decided ( after ( we ( ( ( had him ) ( a year ) ) ( that ( he ( 'd ( ( wanted ( for ( his ( entire life ) ) ) ) ( to ( have ( a ( Siberian husky ) ) ) ) ) ) ) ) ) ) ) ) ) ) ) ) ) )	( ( My husband ) ( ( ( ( wanted ( a ( Siberian husky ) ) ) ever ) ( since ( I ( 've ( met him ) ) ) ) ) . ) )	(ROOT (FRAG (FRAG (CC and) (NP (NP (PRP he)) (SBAR (S (VP (VBZ 's) (VP (VBN been) (NP (NP (PRP it)) (SBAR (S (VP (VBD was) (ADJP (JJ alright)) (SBAR (IN before) (S (NP (PRP we)) (VP (VBD had) (NP (NP (PRP$ our) (NNS kids)) (SBAR (S (NP (PRP it)) (VP (VBD was) (SBAR (S (NP (PRP he)) (VP (VBZ 's) (SBAR (RB just) (S (NP (PRP he)) (VP (VBZ 's) (NP (NP (DT a) (ADJP (RB real) (JJ hyper)) (NN dog)) (SBAR (S (NP (PRP he)) (VP (VBZ barks)))))))))))))))))))))))))))) (CC and) (FRAG (CC and) (NP (NP (NNS jumps)) (SBAR (S (S (ADVP (NP (DT a) (NN lot)) (RB so)) (NP (PRP we)) (VP (VBD had) (NP (PRP him)) (PP (IN for) (NP (DT a) (NN year))))) (CC and) (S (ADVP (RB then)) (NP (PRP$ my) (NN husband)) (VP (VBD decided) (SBAR (IN after) (S (NP (PRP we)) (VP (VBD had) (NP (PRP him)) (NP (DT a) (NN year)) (SBAR (IN that) (S (NP (PRP he)) (VP (VBD 'd) (VP (VBN wanted) (PP (IN for) (NP (PRP$ his) (JJ entire) (NN life))) (S (VP (TO to) (VP (VB have) (NP (DT a) (NNP Siberian) (NNP husky))))))))))))))))))))	(ROOT (S (NP (PRP$ My) (NN husband)) (VP (VBD wanted) (NP (DT a) (NNP Siberian) (NNP husky)) (ADVP (RB ever)) (SBAR (IN since) (S (NP (PRP I)) (VP (VBP 've) (VP (VBN met) (NP (PRP him))))))) (. .)))	and he's been it was alright before we had our kids it was he's just he's a real hyper dog he barks and and jumps a lot so we had him for a year and then my husband decided after we had him a year that he'd wanted for his entire life to have a Siberian husky	My husband wanted a Siberian husky ever since I've met him.	neutral	neutral
39537	83185	83185c	travel	( ( ( ( ( On ( ( the corner ) ( of ( ( Mercaderes and ) Obispo ) ) ) ) ( is ( the ( ( recently renovated ) ( , ( 1920s-era ( Hotel ( Ambos Mundos ) ) ) ) ) ) ) ) ; ) ( Hemingway ( ( ( ( lived ( ( on and ) off ) ) ( in ( room 511 ) ) ) ( for ( ( a couple ) ( of years ) ) ) ) ( during ( the 1930s ) ) ) ) ) . )	( ( Hotel ( Ambos Mundos ) ) ( ( ( has not ) ( been ( recently renovated ) ) ) . ) )	(ROOT (S (S (PP (IN On) (NP (NP (DT the) (NN corner)) (PP (IN of) (NP (NNP Mercaderes) (CC and) (NNP Obispo))))) (VP (VBZ is) (NP (DT the) (ADJP (RB recently) (JJ renovated)) (, ,) (JJ 1920s-era) (NNP Hotel) (NNPS Ambos) (NNS Mundos)))) (: ;) (S (NP (NNP Hemingway)) (VP (VBD lived) (PRT (RP on) (CC and) (RP off)) (PP (IN in) (NP (NN room) (NNS 511))) (PP (IN for) (NP (NP (DT a) (NN couple)) (PP (IN of) (NP (NNS years))))) (PP (IN during) (NP (DT the) (NNS 1930s))))) (. .)))	(ROOT (S (NP (NNP Hotel) (NNPS Ambos) (NNP Mundos)) (VP (VBZ has) (RB not) (VP (VBN been) (VP (ADVP (RB recently)) (VBN renovated)))) (. .)))	On the corner of Mercaderes and Obispo is the recently renovated, 1920s-era Hotel Ambos Mundos; Hemingway lived on and off in room 511 for a couple of years during the 1930s.	Hotel Ambos Mundos has not been recently renovated.	contradiction	contradiction
143750	78060	78060c	fiction	( And ( ( that ( 's ( the ( great thing ) ) ) ) ( , ( ( ( is n't ) it ) ? ) ) ) )	( ( ( ( That ( is ( ( the ( worst thing ) ) ( about it ) ) ) ) , ) no ) ? )	(ROOT (S (CC And) (SBAR (WHNP (WDT that)) (S (VP (VBZ 's) (NP (DT the) (JJ great) (NN thing))))) (, ,) (VP (VBZ is) (RB n't) (NP (PRP it))) (. ?)))	(ROOT (S (S (NP (DT That)) (VP (VBZ is) (NP (NP (DT the) (JJS worst) (NN thing)) (PP (IN about) (NP (PRP it)))))) (, ,) (FRAG (INTJ (UH no))) (. ?)))	And that's the great thing, isn't it? 	That is the worst thing about it, no?	contradiction	contradiction
235047	112237	112237e	fiction	( ` ( ( Of course ) ( , ( ' ( Greuze ( ( ( said quickly ) ( , ( ' ( ( I ( ( was n't ) ( ( at all ) implying ) ) ) - ) ) ) ) ' ) ) ) ) ) )	( ( Greuze words ) ( ( ( ( ( came out ) fast ) , ) ( with ( an explanation ) ) ) . ) )	(ROOT (S (`` `) (PP (IN Of) (NP (NN course))) (, ,) ('' ') (NP (NNP Greuze)) (VP (VBD said) (ADVP (RB quickly)) (PRN (, ,) ('' ') (S (NP (PRP I)) (VP (VBD was) (RB n't) (VP (ADVP (IN at) (DT all)) (VBG implying)))) (, -))) ('' ')))	(ROOT (S (NP (JJ Greuze) (NNS words)) (VP (VBD came) (PRT (RP out)) (ADVP (RB fast)) (, ,) (PP (IN with) (NP (DT an) (NN explanation)))) (. .)))	'Of course,' Greuze said quickly, 'I wasn't at all implying-'	Greuze words came out fast, with an explanation. 	entailment	entailment
257200	76657	76657n	telephone	( you ( know ( ( it ( it ( ( very much ) ( ( is ( but ( on ( the ( other hand ) ) ) ) ) ( i ( realized i ) ) ) ) ) ) ( could ( ( ( ( go out ) ( on ( the street ) ) ) and ) ( act ( like ( a ( complete lunatic ) ) ) ) ) ) ) ) )	( I ( ( 'm ( invisible ( so ( I ( ( do n't ) ( people ( would ( mind ( me ( acting ( like ( a ( complete lunatic ) ) ) ) ) ) ) ) ) ) ) ) ) . ) )	(ROOT (S (NP (PRP you)) (VP (VBP know) (SBAR (S (NP (NP (PRP it)) (SBAR (S (NP (PRP it)) (ADVP (RB very) (RB much)) (VP (VBZ is) (ADVP (RB but) (PP (IN on) (NP (DT the) (JJ other) (NN hand)))) (NP (FW i) (FW realized) (FW i)))))) (VP (MD could) (VP (VP (VB go) (PRT (RP out)) (PP (IN on) (NP (DT the) (NN street)))) (CC and) (VP (VB act) (PP (IN like) (NP (DT a) (JJ complete) (NN lunatic)))))))))))	(ROOT (S (NP (PRP I)) (VP (VBP 'm) (ADJP (JJ invisible) (SBAR (IN so) (S (NP (PRP I)) (VP (VBP do) (RB n't) (NP (NP (NNS people)) (SBAR (S (VP (MD would) (VP (VB mind) (S (NP (PRP me)) (VP (VBG acting) (PP (IN like) (NP (DT a) (JJ complete) (NN lunatic))))))))))))))) (. .)))	you know it it very much is but on the other hand i realized i could go out on the street and act like a complete lunatic	I'm invisible so I don't people would mind me acting like a complete lunatic.	neutral	neutral
172866	12038	12038c	travel	( Halfway ( ( along ( the ( narrow peninsula ) ) ) ( you ( ( 'll ( find ( ( ( ( ( Sangster ( International Airport ) ) , ) ( ( the ( main airport ) ) ( of ( entry ( for Kingston ) ) ) ) ) and ) ( ( the ( eastern part ) ) ( of ( the island ) ) ) ) ) ) . ) ) ) )	( ( ( ( ( The peninsula ) ( has ( no airports ) ) ) and ) ( one ( ( needs ( to charter ) ) ( a ( boat ( to ( access one ) ) ) ) ) ) ) . )	(ROOT (S (ADVP (RB Halfway)) (PP (IN along) (NP (DT the) (JJ narrow) (NN peninsula))) (NP (PRP you)) (VP (MD 'll) (VP (VB find) (NP (NP (NNP Sangster) (NNP International) (NNP Airport)) (, ,) (NP (NP (DT the) (JJ main) (NN airport)) (PP (IN of) (NP (NP (NN entry)) (PP (IN for) (NP (NNP Kingston)))))) (CC and) (NP (NP (DT the) (JJ eastern) (NN part)) (PP (IN of) (NP (DT the) (NN island))))))) (. .)))	(ROOT (S (S (NP (DT The) (NN peninsula)) (VP (VBZ has) (NP (DT no) (NNS airports)))) (CC and) (S (NP (PRP one)) (VP (VBZ needs) (PP (TO to) (NP (NN charter))) (NP (DT a) (NN boat) (S (VP (TO to) (VP (VB access) (NP (CD one)))))))) (. .)))	Halfway along the narrow peninsula you'll find Sangster International Airport, the main airport of entry for Kingston and the eastern part of the island.	The peninsula has no airports and one needs to charter a boat to access one.	contradiction	contradiction
120895	117400	117400c	fiction	( I ( ( 've ( ( followed ( ( Whittington and ) ( another man ) ) ) here ) ) . ) )	( I ( ( ( lost ( Whittington ( on ( the way ) ) ) ) here ) . ) )	(ROOT (S (NP (PRP I)) (VP (VBP 've) (VP (VBN followed) (NP (NP (NNP Whittington)) (CC and) (NP (DT another) (NN man))) (ADVP (RB here)))) (. .)))	(ROOT (S (NP (PRP I)) (VP (VBD lost) (NP (NP (NNP Whittington)) (PP (IN on) (NP (DT the) (NN way)))) (ADVP (RB here))) (. .)))	I've followed Whittington and another man here.	I lost Whittington on the way here.	contradiction	contradiction
13879	108573	108573n	travel	( ( Reassuring ( Unlike Martinique ) ) ( , ( Guadeloupe ( ( has ( ( ( ( no poisonous ) snakes ) or ) ( other ( harmful animals ) ) ) ) . ) ) ) )	( ( The ( native Guadeloupeans ) ) ( ( ( eradicated ( all ( harmful species ) ) ) ( long ago ) ) . ) )	(ROOT (S (S (ADJP (JJ Reassuring)) (PP (IN Unlike) (NP (NNP Martinique)))) (, ,) (NP (NNP Guadeloupe)) (VP (VBZ has) (NP (NP (ADJP (RB no) (JJ poisonous)) (NNS snakes)) (CC or) (NP (JJ other) (JJ harmful) (NNS animals)))) (. .)))	(ROOT (S (NP (DT The) (JJ native) (NNS Guadeloupeans)) (VP (VBD eradicated) (NP (DT all) (JJ harmful) (NN species)) (ADVP (RB long) (RB ago))) (. .)))	Reassuring Unlike Martinique, Guadeloupe has no poisonous snakes or other harmful animals.	The native Guadeloupeans eradicated all harmful species long ago.	neutral	neutral
209269	91859	91859c	slate	( ( ( ( ( Meanwhile ( ( ( ( the ( ancient ( chaste ( Islamic veil ) ) ) ) and ) dress ) ( ( persist ( in countries ) ) ( where ( they ( ( have never ) ( been challenged ) ) ) ) ) ) ) , ) and ) ( they ( ( ( ( cohabit , ) ( ( more or ) less ) ) , ) ( with ( ( modern fashion ) ( if ( ( the two ) ( ( do n't ) ( try ( to blend ) ) ) ) ) ) ) ) ) ) . )	( You ( ( can ( ( find ( ( many examples ) ( of ( hybridized fashions ) ) ) ) ( ( taking influence ) ( from ( ( ( traditional ( Islamic clothing ) ) and ) ( ( more modern ) ( Western designers ) ) ) ) ) ) ) . ) )	(ROOT (S (S (ADVP (RB Meanwhile)) (NP (NP (DT the) (JJ ancient) (JJ chaste) (JJ Islamic) (NN veil)) (CC and) (NP (NN dress))) (VP (VBP persist) (PP (IN in) (NP (NNS countries))) (SBAR (WHADVP (WRB where)) (S (NP (PRP they)) (VP (VBP have) (ADVP (RB never)) (VP (VBN been) (VP (VBN challenged)))))))) (, ,) (CC and) (S (NP (PRP they)) (VP (VBP cohabit) (, ,) (ADVP (RBR more) (CC or) (RBR less)) (, ,) (PP (IN with) (NP (NP (JJ modern) (NN fashion)) (SBAR (IN if) (S (NP (DT the) (CD two)) (VP (VBP do) (RB n't) (VP (VB try) (S (VP (TO to) (VP (VB blend)))))))))))) (. .)))	(ROOT (S (NP (PRP You)) (VP (MD can) (VP (VB find) (NP (NP (JJ many) (NNS examples)) (PP (IN of) (NP (JJ hybridized) (NNS fashions)))) (S (VP (VBG taking) (NP (NN influence)) (PP (IN from) (NP (NP (JJ traditional) (JJ Islamic) (NN clothing)) (CC and) (NP (ADJP (RBR more) (JJ modern)) (JJ Western) (NNS designers)))))))) (. .)))	Meanwhile the ancient chaste Islamic veil and dress persist in countries where they have never been challenged, and they cohabit, more or less, with modern fashion if the two don't try to blend.	You can find many examples of hybridized fashions taking influence from traditional Islamic clothing and more modern Western designers.	contradiction	contradiction
216074	19239	19239c	travel	( ( ( One ( of ( ( the ( first impressions ) ) ( you ( 'll ( get ( at ( ( the airport ) ( in ( ( Delhi or ) Mumbai ) ) ) ) ) ) ) ) ) ) ( -LRB- ( Bombay -RRB- ) ) ) ( ( is ( ( the diversity ) ( of ( ethnic types ) ) ) ) . ) )	( Dehli ( ( ( is not ) ( considered ( a ( ( very diverse ) place ) ) ) ) . ) )	(ROOT (S (NP (NP (NP (CD One)) (PP (IN of) (NP (NP (DT the) (JJ first) (NNS impressions)) (SBAR (S (NP (PRP you)) (VP (MD 'll) (VP (VB get) (PP (IN at) (NP (NP (DT the) (NN airport)) (PP (IN in) (NP (NNP Delhi) (CC or) (NNP Mumbai)))))))))))) (PRN (-LRB- -LRB-) (NP (NNP Bombay)) (-RRB- -RRB-))) (VP (VBZ is) (NP (NP (DT the) (NN diversity)) (PP (IN of) (NP (JJ ethnic) (NNS types))))) (. .)))	(ROOT (S (NP (NNP Dehli)) (VP (VBZ is) (RB not) (VP (VBN considered) (NP (DT a) (ADJP (RB very) (JJ diverse)) (NN place)))) (. .)))	One of the first impressions you'll get at the airport in Delhi or Mumbai (Bombay) is the diversity of ethnic types.	Dehli is not considered a very diverse place.	contradiction	contradiction
94252	59988	59988e	telephone	( so ( yeah ( ( my husband ) ( does ( too so ) ) ) ) )	( ( ( The man ) ( I married ) ) ( does . ) )	(ROOT (S (ADVP (RB so)) (VP (VB yeah) (SBAR (S (NP (PRP$ my) (NN husband)) (VP (VBZ does) (ADVP (RB too) (RB so))))))))	(ROOT (S (NP (NP (DT The) (NN man)) (SBAR (S (NP (PRP I)) (VP (VBD married))))) (VP (VBZ does)) (. .)))	so yeah my husband does too so	The man I married does. 	entailment	entailment
21822	74773	74773e	slate	( How ( ( ( may ( a ( proper person ) ) ) ( ( handle ( ( the ( delicate matter ) ) ( of ( bad breath ) ) ) ) ( when ( happenstance ( ( forces one ) ( into ( consulting ( with ( someone ( on ( ( the ( boss ' ) ) staff ) ) ) ) ) ) ) ) ) ) ) ? ) )	( How ( ( ( ( ( do you ) tactfully ) ( tell someone ) ) ( ( like ( a boss ) ) ( , ( they ( have ( bad breath ) ) ) ) ) ) ? ) )	(ROOT (SBARQ (WHADVP (WRB How)) (SQ (MD may) (NP (DT a) (JJ proper) (NN person)) (VP (VB handle) (NP (NP (DT the) (JJ delicate) (NN matter)) (PP (IN of) (NP (JJ bad) (NN breath)))) (SBAR (WHADVP (WRB when)) (S (NP (NN happenstance)) (VP (VBZ forces) (NP (CD one)) (PP (IN into) (S (VP (VBG consulting) (PP (IN with) (NP (NP (NN someone)) (PP (IN on) (NP (NP (DT the) (NN boss) (POS ')) (NN staff))))))))))))) (. ?)))	(ROOT (SBARQ (WHADVP (WRB How)) (SQ (VBP do) (NP (PRP you)) (ADVP (RB tactfully)) (VP (VB tell) (NP (NN someone))) (S (PP (IN like) (NP (DT a) (NN boss))) (, ,) (NP (PRP they)) (VP (VBP have) (NP (JJ bad) (NN breath))))) (. ?)))	How may a proper person handle the delicate matter of bad breath when happenstance forces one into consulting with someone on the boss' staff?	How do you tactfully tell someone like a boss, they have bad breath?	entailment	entailment
277251	114517	114517c	slate	( One ( ( is ( ( that ( -- ( ( contrary ( to ( ( the opinion ) ( of ( ( virtually ( everyone else ) ) ( in ( the world ) ) ) ) ) ) ) -- ) ) ) ( ( AIDS ( in fact ) ) ( ( has n't ) ( ( reduced ( ( gay ( males ' ) ) ( life expectancy ) ) ) ( by ( ( ( that much ) -- ) ( ( ( a ( few years ) ) , ) ( at most ) ) ) ) ) ) ) ) ) . ) )	( ( Gay ( life expectancy ) ) ( ( has plummeted ) . ) )	(ROOT (S (NP (PRP One)) (VP (VBZ is) (SBAR (WHNP (WDT that)) (PRN (: --) (ADVP (JJ contrary) (PP (TO to) (NP (NP (DT the) (NN opinion)) (PP (IN of) (NP (NP (RB virtually) (NN everyone) (RB else)) (PP (IN in) (NP (DT the) (NN world)))))))) (: --)) (S (NP (NP (NNP AIDS)) (PP (IN in) (NP (NN fact)))) (VP (VBZ has) (RB n't) (VP (VBN reduced) (NP (NP (JJ gay) (NNS males) (POS ')) (NN life) (NN expectancy)) (PP (IN by) (NP (NP (DT that) (JJ much)) (: --) (NP (NP (DT a) (JJ few) (NNS years)) (, ,) (ADVP (IN at) (JJS most)))))))))) (. .)))	(ROOT (S (NP (JJ Gay) (NN life) (NN expectancy)) (VP (VBZ has) (VP (VBN plummeted))) (. .)))	One is that--contrary to the opinion of virtually everyone else in the world--AIDS in fact hasn't reduced gay males' life expectancy by that much--a few years, at most.	Gay life expectancy has plummeted.	contradiction	contradiction
140580	24980	24980e	fiction	( They ( ( saw ( ( their lives ) ( lost ( in ( that ( burning town ) ) ) ) ) ) . ) )	( They ( ( saw ( that ( ( their lives ) ( were ( lost ( in ( the ( burning town ) ) ) ) ) ) ) ) . ) )	(ROOT (S (NP (PRP They)) (VP (VBD saw) (SBAR (S (NP (PRP$ their) (NNS lives)) (VP (VBD lost) (PP (IN in) (NP (DT that) (VBG burning) (NN town))))))) (. .)))	(ROOT (S (NP (PRP They)) (VP (VBD saw) (SBAR (IN that) (S (NP (PRP$ their) (NNS lives)) (VP (VBD were) (VP (VBN lost) (PP (IN in) (NP (DT the) (VBG burning) (NN town)))))))) (. .)))	They saw their lives lost in that burning town.	They saw that their lives were lost in the burning town.	entailment	entailment
127140	121801	121801c	travel	( ( ( ( ( The ( coast road ) ) ( ( ( ( ( ( takes you ) ( west ( to ( Pointe ( du Grouin ) ) ) ) ) , ) ( ( ( a ( cliff ( 40 m ) ) ) ( -LRB- ( ( 130 ft ) -RRB- ) ) ) high ) ) , ) ( with ( ( a ( spectacular view ) ) ( of ( ( the ( Chausey Islands ) ) ( ( ( to ( the north ) ) and ) ( to ( ( Saint-Malo , ) ( ( a town ) ( steeped ( in ( seafaring history ) ) ) ) ) ) ) ) ) ) ) ) ) ; ) ( ( its sailors ) ( left ( ( their name ) ( ( as far ) ( afield ( as ( ( ( the Malouines ) , ) ( ( claimed ( by ( the British ) ) ) ( as ( the ( Falkland Islands ) ) ) ) ) ) ) ) ) ) ) ) . )	( ( If ( one ( follows ( the ( coast road ) ) ) ) ) ( , ( it ( ( ( takes you ) ( south ( to ( a ( brick wall ) ) ) ) ) . ) ) ) )	(ROOT (S (S (NP (DT The) (NN coast) (NN road)) (VP (VBZ takes) (NP (PRP you)) (ADVP (RB west) (PP (TO to) (NP (NNP Pointe) (NNP du) (NNP Grouin)))) (, ,) (S (NP (NP (DT a) (NN cliff) (CD 40) (NN m)) (PRN (-LRB- -LRB-) (NP (QP (CD 130) (CD ft))) (-RRB- -RRB-))) (ADJP (JJ high))) (, ,) (PP (IN with) (NP (NP (DT a) (JJ spectacular) (NN view)) (PP (IN of) (NP (NP (DT the) (NNP Chausey) (NNPS Islands)) (PP (PP (TO to) (NP (DT the) (NN north))) (CC and) (PP (TO to) (NP (NP (NNP Saint-Malo)) (, ,) (NP (NP (DT a) (NN town)) (VP (VBN steeped) (PP (IN in) (S (VP (VBG seafaring) (NP (NN history)))))))))))))))) (: ;) (S (NP (PRP$ its) (NNS sailors)) (VP (VBD left) (NP (NP (PRP$ their) (NN name)) (VP (ADVP (RB as) (RB far)) (VBN afield) (PP (IN as) (NP (NP (DT the) (NNPS Malouines)) (, ,) (VP (VBN claimed) (PP (IN by) (NP (DT the) (NNP British))) (PP (IN as) (NP (DT the) (NNP Falkland) (NNPS Islands)))))))))) (. .)))	(ROOT (S (SBAR (IN If) (S (NP (PRP one)) (VP (VBZ follows) (NP (DT the) (NN coast) (NN road))))) (, ,) (NP (PRP it)) (VP (VBZ takes) (NP (PRP you)) (ADVP (RB south) (PP (TO to) (NP (DT a) (NN brick) (NN wall))))) (. .)))	The coast road takes you west to Pointe du Grouin, a cliff 40 m (130 ft) high, with a spectacular view of the Chausey Islands to the north and to Saint-Malo, a town steeped in seafaring history; its sailors left their name as far afield as the Malouines, claimed by the British as the Falkland Islands.	If one follows the coast road, it takes you south to a brick wall.	contradiction	contradiction
327538	109910	109910n	slate	( Televisions ( ( ( are expensive ) ( these days ) ) . ) )	( Televisions ( ( cost ( ( $ 200 ) ( when ( you ( ( purchase them ) ( from Ebay ) ) ) ) ) ) . ) )	(ROOT (S (NP (NNS Televisions)) (VP (VBP are) (ADJP (JJ expensive)) (NP (DT these) (NNS days))) (. .)))	(ROOT (S (NP (NNS Televisions)) (VP (VBD cost) (NP (NP ($ $) (CD 200)) (SBAR (WHADVP (WRB when)) (S (NP (PRP you)) (VP (VB purchase) (NP (PRP them)) (PP (IN from) (NP (NNP Ebay)))))))) (. .)))	Televisions are expensive these days.	Televisions cost $200 when you purchase them from Ebay.	neutral	neutral
96781	125565	125565e	travel	( ( Typical ( of ( his genius ) ) ) ( ( was ( ( the ( new religion ) ) ( he ( offered ( ( ( ( ( his ( ( the ( Divine Faith ) ) ( -LRB- ( Din-Ilahi -RRB- ) ) ) ) , ) ( intended ( to ( satisfy ( orthodox Muslims ) ) ) ) ) and ) ( those ( who ( , ( ( just ( like ( ( himself and ) ( the Hindus ) ) ) ) ( , ( appreciated ( ( the idea ) ( of ( a ( semi-divine ruler ) ) ) ) ) ) ) ) ) ) ) ) ) ) ) . ) )	( ( Both ( ( he and ) ( the Hindus ) ) ) ( ( like ( to ( ( think ( of ( the ruler ) ) ) ( as ( having ( godlike significance ) ) ) ) ) ) . ) )	(ROOT (S (NP (NP (JJ Typical)) (PP (IN of) (NP (PRP$ his) (NN genius)))) (VP (VBD was) (NP (NP (DT the) (JJ new) (NN religion)) (SBAR (S (NP (PRP he)) (VP (VBD offered) (NP (NP (NP (PRP$ his) (NP (NP (DT the) (NNP Divine) (NNP Faith)) (PRN (-LRB- -LRB-) (NP (NNP Din-Ilahi)) (-RRB- -RRB-)))) (, ,) (VP (VBN intended) (S (VP (TO to) (VP (VB satisfy) (NP (JJ orthodox) (NNPS Muslims))))))) (CC and) (NP (NP (DT those)) (SBAR (WHNP (WP who)) (S (, ,) (PP (RB just) (IN like) (NP (NP (PRP himself)) (CC and) (NP (DT the) (NNPS Hindus)))) (, ,) (VP (VBD appreciated) (NP (NP (DT the) (NN idea)) (PP (IN of) (NP (DT a) (JJ semi-divine) (NN ruler)))))))))))))) (. .)))	(ROOT (S (NP (DT Both) (NP (PRP he)) (CC and) (NP (DT the) (NNPS Hindus))) (VP (VBP like) (S (VP (TO to) (VP (VB think) (PP (IN of) (NP (DT the) (NN ruler))) (PP (IN as) (S (VP (VBG having) (NP (JJ godlike) (NN significance))))))))) (. .)))	Typical of his genius was the new religion he offered his  the Divine Faith (Din-Ilahi), intended to satisfy orthodox Muslims and those who, just like himself and the Hindus, appreciated the idea of a semi-divine ruler.	Both he and the Hindus like to think of the ruler as having godlike significance.	entailment	entailment
38374	10667	10667c	telephone	( ( are ( the ( uh Oldsmobiles ) ) ) ( that ( ( ( you ( 're ( looking ( at ( ( are they ) ( the demos ) ) ) ) ) ) or ) ( they ( used ( are ( they new ) ) ) ) ) ) )	( ( Are ( the cars ) ) ( you ( ( 're ( ( looking ( at ( for scrap ) ) ) only ) ) ? ) ) )	(ROOT (SINV (VP (VBP are)) (NP (DT the) (NNP uh) (NNP Oldsmobiles)) (SBAR (IN that) (S (S (NP (PRP you)) (VP (VBP 're) (VP (VBG looking) (PP (IN at) (S (VP (VBP are) (NP (PRP they)) (NP (DT the) (NNS demos)))))))) (CC or) (S (NP (PRP they)) (VP (VBD used) (SBAR (S (VP (VBP are) (NP (PRP they) (JJ new)))))))))))	(ROOT (S (PP (IN Are) (NP (DT the) (NNS cars))) (NP (PRP you)) (VP (VBP 're) (VP (VBG looking) (PP (IN at) (PP (IN for) (NP (NN scrap)))) (ADVP (RB only)))) (. ?)))	are the uh Oldsmobiles that you're looking at are they the demos or they used are they new	Are the cars you're looking at for scrap only?	contradiction	contradiction
